Source_Title,Count,Accept
Proceedings of the IEEE Computer Society Conference on Computer Vision and Pattern Recognition,7948,Y
Advances in Neural Information Processing Systems,4782,Y
Proceedings of the ACM SIGKDD International Conference on Knowledge Discovery and Data Mining,2632,Y
[No title available],2585,N
AAAI 2020 - 34th AAAI Conference on Artificial Intelligence,1863,Y
ACM International Conference Proceeding Series,1710,
EMNLP-IJCNLP 2019 - 2019 Conference on Empirical Methods in Natural Language Processing and 9th International Joint Conference on Natural Language Processing  Proceedings of the Conference,1368,Y
33rd AAAI Conference on Artificial Intelligence  AAAI 2019  31st Innovative Applications of Artificial Intelligence Conference  IAAI 2019 and the 9th AAAI Symposium on Educational Advances in Artificial Intelligence  EAAI 2019,1325,Y
International Conference on Digital Printing Technologies,1177,
ACL-IJCNLP 2021 - 59th Annual Meeting of the Association for Computational Linguistics and the 11th International Joint Conference on Natural Language Processing  Proceedings of the Conference,1148,Y
32nd AAAI Conference on Artificial Intelligence  AAAI 2018,1102,Y
37th International Conference on Machine Learning  ICML 2020,1086,Y
Conference on Human Factors in Computing Systems - Proceedings,1085,Y
LREC 2020 - 12th International Conference on Language Resources and Evaluation  Conference Proceedings,899,Y
Proceedings - 30th IEEE Conference on Computer Vision and Pattern Recognition  CVPR 2017,784,Y
Proceedings of 2021 IEEE 4th International Electrical and Energy Conference  CIEEC 2021,781,
IEEE International Conference on Communications,761,Y
Proceedings of SPIE - The International Society for Optical Engineering,760,
EMNLP 2020 - 2020 Conference on Empirical Methods in Natural Language Processing  Proceedings of the Conference,754,Y
SIGIR 2021 - Proceedings of the 44th International ACM SIGIR Conference on Research and Development in Information Retrieval,750,Y
Proceedings of the 10th International Conference on Language Resources and Evaluation  LREC 2016,742,Y
36th International Conference on Machine Learning  ICML 2019,741,Y
SIGIR 2020 - Proceedings of the 43rd International ACM SIGIR Conference on Research and Development in Information Retrieval,738,Y
LREC 2018 - 11th International Conference on Language Resources and Evaluation,734,Y
IEEE Computer Society Conference on Computer Vision and Pattern Recognition Workshops,681,Y
35th International Conference on Machine Learning  ICML 2018,677,Y
ACL 2019 - 57th Annual Meeting of the Association for Computational Linguistics  Proceedings of the Conference,663,Y
Conference Record of the IEEE Photovoltaic Specialists Conference,609,
31st AAAI Conference on Artificial Intelligence  AAAI 2017,603,Y
MM 2020 - Proceedings of the 28th ACM International Conference on Multimedia,583,Y
Proceedings of the IEEE International Conference on VLSI Design,580,
Proceedings - International Conference on Software Engineering,578,Y
IEEE International Symposium on Information Theory - Proceedings,572,
CEUR Workshop Proceedings,567,
Proceedings of the 2018 Conference on Empirical Methods in Natural Language Processing  EMNLP 2018,557,Y
26th IEEE Conference on Computer Vision and Pattern Recognition  CVPR,507,Y
7th International Conference on Learning Representations  ICLR 2019,503,Y
International Conference on Information and Knowledge Management  Proceedings,492,Y
NAACL HLT 2019 - 2019 Conference of the North American Chapter of the Association for Computational Linguistics: Human Language Technologies - Proceedings of the Conference,456,Y
Findings of the Association for Computational Linguistics Findings of ACL: EMNLP 2020,449,Y
Conference Proceedings - IEEE Applied Power Electronics Conference and Exposition - APEC,447,
IEEE International Conference on Personal Wireless Communications,447,
34th International Conference on Machine Learning  ICML 2017,443,Y
Key Eng Mat,437,
Proceedings of the Energy Conversion Congress and Exposition - Asia  ECCE Asia 2021,427,
IMCEC 2021 - IEEE 4th Advanced Information Management  Communicates  Electronic and Automation Control Conference,411,
ACL 2018 - 56th Annual Meeting of the Association for Computational Linguistics  Proceedings of the Conference (Long Papers),386,Y
Proceedings of the 16th IEEE Conference on Industrial Electronics and Applications  ICIEA 2021,382,
NAACL HLT 2018 - 2018 Conference of the North American Chapter of the Association for Computational Linguistics: Human Language Technologies - Proceedings of the Conference,365,Y
Proceedings - 2005 IEEE Computer Society Conference on Computer Vision and Pattern Recognition  CVPR 2005,363,Y
2021 IEEE International Conference on Communications Workshops  ICC Workshops 2021 - Proceedings,361,Y
Proceedings -Design  Automation and Test in Europe  DATE,360,
2021 IEEE Madrid PowerTech  PowerTech 2021 - Conference Proceedings,343,
Proceedings of the 6th International Conference on Communication and Electronics Systems  ICCES 2021,340,
EACL 2021 - 16th Conference of the European Chapter of the Association for Computational Linguistics  Proceedings of the Conference,328,Y
EMNLP 2017 - Conference on Empirical Methods in Natural Language Processing  Proceedings,325,Y
6th International Conference on Learning Representations  ICLR 2018 - Conference Track Proceedings,323,Y
31st International Conference on Machine Learning  ICML 2014,321,Y
ACL-IJCNLP 2015 - 53rd Annual Meeting of the Association for Computational Linguistics and the 7th International Joint Conference on Natural Language Processing of the Asian Federation of Natural Language Processing  Proceedings of the Conference,321,Y
33rd International Conference on Machine Learning  ICML 2016,320,Y
WSDM 2021 - Proceedings of the 14th ACM International Conference on Web Search and Data Mining,316,Y
Conference Proceedings - EMNLP 2015: Conference on Empirical Methods in Natural Language Processing,315,Y
GECCO 2021 Companion - Proceedings of the 2021 Genetic and Evolutionary Computation Conference Companion,311,
Conference Record - IEEE Instrumentation and Measurement Technology Conference,305,
ACL 2017 - 55th Annual Meeting of the Association for Computational Linguistics  Proceedings of the Conference (Long Papers),304,Y
Advances in Neural Information Processing Systems 24: 25th Annual Conference on Neural Information Processing Systems 2011  NIPS 2011,302,Y
Proceedings - 2021 IEEE 45th Annual Computers  Software  and Applications Conference  COMPSAC 2021,300,
SIU 2021 - 29th IEEE Conference on Signal Processing and Communications Applications  Proceedings,298,
SIGCSE 2021 - Proceedings of the 52nd ACM Technical Symposium on Computer Science Education,297,
Advances in Neural Information Processing Systems 23: 24th Annual Conference on Neural Information Processing Systems 2010  NIPS 2010,293,Y
Proceedings of the International Conference on Electromagnetic Interference and Compatibility,293,
30th International Conference on Machine Learning  ICML 2013,286,Y
Proceedings of the ACM Symposium on Applied Computing,281,
RecSys 2021 - 15th ACM Conference on Recommender Systems,274,
32nd International Conference on Machine Learning  ICML 2015,272,Y
ECTI-CON 2021 - 2021 18th International Conference on Electrical Engineering/Electronics  Computer  Telecommunications and Information Technology: Smart Electrical System and Technology  Proceedings,272,
Proceedings of 2021 IEEE 10th Data Driven Control and Learning Systems Conference  DDCLS 2021,272,
CIKM 2014 - Proceedings of the 2014 ACM International Conference on Information and Knowledge Management,270,Y
Proceedings of the ACM SIGMOD International Conference on Management of Data,269,
EMNLP 2016 - Conference on Empirical Methods in Natural Language Processing  Proceedings,267,Y
2021 IEEE 4th International Conference on Electronics Technology  ICET 2021,265,
Advances in Neural Information Processing Systems 22 - Proceedings of the 2009 Conference,263,Y
2016 IEEE 6th International Conference on Power Systems  ICPS 2016,260,
Midwest Symposium on Circuits and Systems,259,
2021 IEEE International Conference on Mechatronics and Automation  ICMA 2021,254,
Proceedings - IEEE INFOCOM,254,
RecSys 2020 - 14th ACM Conference on Recommender Systems,252,
SIGIR 2019 - Proceedings of the 42nd International ACM SIGIR Conference on Research and Development in Information Retrieval,252,Y
Advances in Neural Information Processing Systems 21 - Proceedings of the 2008 Conference,251,Y
2021 IEEE 4th International Conference on Electronic Information and Communication Technology  ICEICT 2021,250,
2021 IEEE International Conference on Real-Time Computing and Robotics  RCAR 2021,250,
IEEE/ Engineering in Medicine and Biology Society Annual Conference,250,
TENCON '89: Fourth IEEE Region 10 International Conference,250,
SIGIR 2017 - Proceedings of the 40th International ACM SIGIR Conference on Research and Development in Information Retrieval,248,
2021 IEEE International Conference on Artificial Intelligence and Computer Applications  ICAICA 2021,245,
41st International ACM SIGIR Conference on Research and Development in Information Retrieval  SIGIR 2018,245,Y
Proceedings of the 29th International Conference on Machine Learning  ICML 2012,245,Y
54th Annual Meeting of the Association for Computational Linguistics  ACL 2016 - Long Papers,237,Y
2008 IEEE Computer Society Conference on Computer Vision and Pattern Recognition Workshops  CVPR Workshops,236,Y
NAACL HLT 2019 - International Workshop on Semantic Evaluation  SemEval 2019  Proceedings of the 13th Workshop,234,Y
2021 OES China Ocean Acoustics  COA 2021,232,
International IEEE/EMBS Conference on Neural Engineering  NER,231,
2021 14th IEEE International Conference on Industry Applications  INDUSCON 2021 - Proceedings,229,
ACM/IEEE International Conference on Human-Robot Interaction,227,
AIES 2021 - Proceedings of the 2021 AAAI/ACM Conference on AI  Ethics  and Society,222,
Proceedings - 2020 IEEE 7th International Conference on Data Science and Advanced Analytics  DSAA 2020,222,
Proceedings of the 2021 IEEE 24th International Conference on Computer Supported Cooperative Work in Design  CSCWD 2021,222,
Advances in Neural Information Processing Systems 20 - Proceedings of the 2007 Conference,219,
SemEval 2016 - 10th International Workshop on Semantic Evaluation  Proceedings,214,
2021 IEEE/ACM 29th International Symposium on Quality of Service  IWQOS 2021,212,
IEEE National Radar Conference - Proceedings,206,
6th International Conference on Learning Representations  ICLR 2018 - Workshop Track Proceedings,195,Y
IEEE INFOCOM 2021 - IEEE Conference on Computer Communications Workshops  INFOCOM WKSHPS 2021,195,
Proceedings - Symposium on Logic in Computer Science,194,
2021 30th IEEE International Conference on Robot and Human Interactive Communication  RO-MAN 2021,192,
5th International Conference on Learning Representations  ICLR 2017 - Conference Track Proceedings,192,
NAACL HLT 2015 - 2015 Conference of the North American Chapter of the Association for Computational Linguistics: Human Language Technologies  Proceedings of the Conference,189,Y
2016 Conference of the North American Chapter of the Association for Computational Linguistics: Human Language Technologies  NAACL HLT 2016 - Proceedings of the Conference,184,Y
Proceedings of the Annual ACM-SIAM Symposium on Discrete Algorithms,181,
IEEE International Conference on Fuzzy Systems,177,
Key Eng Mater,176,
Proceedings of the ACM Great Lakes Symposium on VLSI  GLSVLSI,175,
2021 IEEE 3rd International Conference on Communications  Information System and Computer Engineering  CISCE 2021,174,
2020 IEEE International Conference on Problems of Infocommunications Science and Technology  PIC S and T 2020 - Proceedings,172,
Proceedings of the IEEE International Conference on Power Electronics  Drives &amp; Energy Systems for Industrial Growth  PEDES,172,
ESEC/FSE 2020 - Proceedings of the 28th ACM Joint Meeting European Software Engineering Conference and Symposium on the Foundations of Software Engineering,171,
IEEE/ACM International Conference on Computer-Aided Design  Digest of Technical Papers  ICCAD,171,
Proceedings - International Symposium on Computer Architecture,170,
Proceedings of the ACM Conference on Computer and Communications Security,170,
Proceedings of the IEEE International Conference on Computer Vision,168,Y
2021 IEEE 1st International Maghreb Meeting of the Conference on Sciences and Techniques of Automatic Control and Computer Engineering  MI-STA 2021 - Proceedings,167,
Proceedings of 2021 International Conference on Information Management and Technology  ICIMTech 2021,164,
SenSys 2020 - Proceedings of the 2020 18th ACM Conference on Embedded Networked Sensor Systems,164,
Proceedings of the IM 2021 - 2021 IFIP/IEEE International Symposium on Integrated Network Management,163,
ICML 2010 - Proceedings  27th International Conference on Machine Learning,161,Y
Proceedings of the 26th International Conference On Machine Learning  ICML 2009,161,Y
2021 IEEE Transportation Electrification Conference and Expo  ITEC 2021,160,
Proceedings - 2020 35th IEEE/ACM International Conference on Automated Software Engineering  ASE 2020,160,
2021 IEEE International Conference on Power  Intelligent Computing and Systems  ICPICS 2021,158,
Proceedings of the 28th International Conference on Machine Learning  ICML 2011,157,Y
Proceedings of the 2020 IEEE/ACM International Conference on Advances in Social Networks Analysis and Mining  ASONAM 2020,156,
UbiComp/ISWC 2021 - Adjunct Proceedings of the 2021 ACM International Joint Conference on Pervasive and Ubiquitous Computing and Proceedings of the 2021 ACM International Symposium on Wearable Computers,156,
DIS 2021 - Proceedings of the 2021 ACM Designing Interactive Systems Conference: Nowhere and Everywhere,155,
Proceedings of the Asia and South Pacific Design Automation Conference  ASP-DAC,155,
Proceedings - 2020 IEEE/WIC/ACM International Joint Conference on Web Intelligence and Intelligent Agent Technology  WI-IAT 2020,147,
2021 IEEE World Haptics Conference  WHC 2021,145,
2009 IEEE Computer Society Conference on Computer Vision and Pattern Recognition Workshops  CVPR Workshops 2009,142,Y
Annual Conference on Innovation and Technology in Computer Science Education  ITiCSE,142,
Proceedings of the Annual ACM Symposium on Theory of Computing,142,
EMNLP-CoNLL 2012 - 2012 Joint Conference on Empirical Methods in Natural Language Processing and Computational Natural Language Learning  Proceedings of the Conference,141,Y
2021 IEEE International Parallel and Distributed Processing Symposium Workshops  IPDPSW 2021 - In conjunction with IEEE IPDPS 2021,140,
UbiComp/ISWC 2020 Adjunct - Proceedings of the 2020 ACM International Joint Conference on Pervasive and Ubiquitous Computing and Proceedings of the 2020 ACM International Symposium on Wearable Computers,140,
2021 IEEE International Conference on Artificial Intelligence and Industrial Design  AIID 2021,139,
IEEE Region 10 Annual International Conference  Proceedings/TENCON,139,
Nuclear Instruments and Methods in Physics Research  Section B: Beam Interactions with Materials and Atoms,139,
Proceedings of the ACM/IEEE Joint Conference on Digital Libraries,138,
IEEE/ASME International Conference on Advanced Intelligent Mechatronics  AIM,137,
Proceedings of the IEEE International Conference on Industrial Technology,137,
GECCO 2021 - Proceedings of the 2021 Genetic and Evolutionary Computation Conference,136,
Proceedings - 2021 4th IEEE International Conference on Industrial Cyber-Physical Systems  ICPS 2021,136,
Proceedings - IEEE 21st International Conference on Advanced Learning Technologies  ICALT 2021,136,
2021 IEEE International Workshop on Metrology for Industry 4.0 and IoT  MetroInd 4.0 and IoT 2021 - Proceedings,134,
2021 IEEE International Workshop on Metrology for AeroSpace  MetroAeroSpace 2021 - Proceedings,133,
Pramana - Journal of Physics,133,
EMNLP-CoNLL 2007 - Proceedings of the 2007 Joint Conference on Empirical Methods in Natural Language Processing and Computational Natural Language Learning,132,Y
2021 Wave Electronics and its Application in Information and Telecommunication Systems  WECONF 2021 - Conference Proceedings,130,
IEEE Symposium on VLSI Circuits  Digest of Technical Papers,130,
Proceedings of the Annual ACM Symposium on Principles of Distributed Computing,130,
2021 IEEE International Electric Machines and Drives Conference  IEMDC 2021,128,
ICMI 2020 - Proceedings of the 2020 International Conference on Multimodal Interaction,127,
WMT 2019 - 4th Conference on Machine Translation  Proceedings of the Conference,127,
WSDM 2020 - Proceedings of the 13th International Conference on Web Search and Data Mining,127,Y
2021 IEEE International Symposium on Medical Measurements and Applications  MeMeA 2021 - Conference Proceedings,125,
IEEE Workshop on Statistical Signal Processing Proceedings,124,
2021 9th International Conference on Information and Communication Technology  ICoICT 2021,123,
Proceedings of the IEEE International Conference on Properties and Applications of Dielectric Materials,122,
Proceedings of the 2021 IEEE 12th International Symposium on Power Electronics for Distributed Generation Systems  PEDG 2021,120,
International Conference of Young Specialists on Micro/Nanotechnologies and Electron Devices  EDM,119,
2021 IEEE 19th International Symposium on Antenna Technology and Applied Electromagnetics  ANTEM 2021,117,
Proceedings of the 9th International Conference on Language Resources and Evaluation  LREC 2014,117,Y
WSDM 2019 - Proceedings of the 12th ACM International Conference on Web Search and Data Mining,117,Y
Proceedings 2021 IEEE 1st International Conference on Digital Twins and Parallel Intelligence  DTPI 2021,116,
Symposium on Earthquake Engineering,114,
2018 IEEMA Engineer Infinite Conference  eTechNxT 2018,112,
Proceedings - 2020 ACM/IEEE 42nd International Conference on Software Engineering: Companion  ICSE-Companion 2020,112,
WSDM 2018 - Proceedings of the 11th ACM International Conference on Web Search and Data Mining,111,Y
AAAI Spring Symposium - Technical Report,109,
ASSETS 2020 - 22nd International ACM SIGACCESS Conference on Computers and Accessibility,109,
Proceedings - 23rd ACM/IEEE International Conference on Model Driven Engineering Languages and Systems  MODELS-C 2020 - Companion Proceedings,109,
Bulletin of Materials Science,107,
5th International Conference on Learning Representations  ICLR 2017 - Workshop Track Proceedings,106,
FLEPS 2021 - IEEE International Conference on Flexible and Printable Sensors and Systems,106,
Proceedings - IEEE Symposium on Computer-Based Medical Systems,105,
TEI 2021 - Proceedings of the 15th International Conference on Tangible  Embedded  and Embodied Interaction,105,
GIS: Proceedings of the ACM International Symposium on Advances in Geographic Information Systems,104,
International Conference for High Performance Computing  Networking  Storage and Analysis  SC,104,
Molecular crystals and liquid crystals,104,
2021 3rd International Conference on Intelligent Control  Measurement and Signal Processing and Intelligent Oil Field  ICMSP 2021,103,
SIGITE 2020 - Proceedings of the 21st Annual Conference on Information Technology Education,103,
UIST 2020 - Proceedings of the 33rd Annual ACM Symposium on User Interface Software and Technology,102,
12th International AAAI Conference on Web and Social Media  ICWSM 2018,101,
54th Annual Meeting of the Association for Computational Linguistics  ACL 2016 - Short Papers,100,Y
CHIIR 2021 - Proceedings of the 2021 Conference on Human Information Interaction and Retrieval,100,
Proceedings of Interaction Design and Children  IDC 2021,100,
Proceedings of the 14th International AAAI Conference on Web and Social Media  ICWSM 2020,100,
CoNLL 2019 - 23rd Conference on Computational Natural Language Learning  Proceedings of the Conference,99,Y
ICMR 2021 - Proceedings of the 2021 International Conference on Multimedia Retrieval,99,
IEEE International Conference on Blockchain and Cryptocurrency  ICBC 2021,98,
WSDM 2017 - Proceedings of the 10th ACM International Conference on Web Search and Data Mining,96,Y
Proceedings - 21st IEEE/ACM International Symposium on Cluster  Cloud and Internet Computing  CCGrid 2021,95,
28th Saint Petersburg International Conference on Integrated Navigation Systems  ICINS 2021,94,
Lecture Notes in Physics,94,
CHI PLAY 2020 - Extended Abstracts of the 2020 Annual Symposium on Computer-Human Interaction in Play,93,Y
SACI 2021 - IEEE 15th International Symposium on Applied Computational Intelligence and Informatics  Proceedings,93,
EMNLP-IJCNLP 2019 - 2019 Conference on Empirical Methods in Natural Language Processing and the 9th International Joint Conference on Natural Language Processing  Proceedings of System Demonstrations,92,Y
ICMI 2020 Companion - Companion Publication of the 2020 International Conference on Multimodal Interaction,92,Y
2021 6th International Conference on Image  Vision and Computing  ICIVC 2021,90,
2021 Systems of Signal Synchronization  Generating and Processing in Telecommunications  SYNCHROINFO 2021 - Conference Proceedings,90,
AIES 2019 - Proceedings of the 2019 AAAI/ACM Conference on AI  Ethics  and Society,90,Y
Key Engineering Materials,90,
Proceedings of the 2021 IEEE International Conference on Cyber Security and Resilience  CSR 2021,90,
Proceedings of the ACM SIGPLAN Conference on Programming Language Design and Implementation (PLDI),89,
Proceedings of the IEEE Conference on Nanotechnology,89,
2021 IEEE Research and Applications of Photonics in Defense Conference  RAPID 2021,88,
ACL-IJCNLP 2021 - 59th Annual Meeting of the Association for Computational Linguistics and the 11th International Joint Conference on Natural Language Processing  Proceedings of the System Demonstrations,88,Y
Proceedings of the 15th ACM Asia Conference on Computer and Communications Security  ASIA CCS 2020,88,
Proceedings of the ACM Conference on Computer Supported Cooperative Work  CSCW,87,
2021 IEEE 3rd International Conference on Artificial Intelligence Circuits and Systems  AICAS 2021,85,
EACL 2012 - 13th Conference of the European Chapter of the Association for Computational Linguistics  Proceedings,85,Y
Proceedings of the Annual International Symposium on Microarchitecture  MICRO,85,
InHeNce 2021 - 2021 IEEE International Conference on Health  Instrumentation and Measurement  and Natural Sciences,84,
Proceedings - 2021 IEEE/ACM 18th International Conference on Mining Software Repositories  MSR 2021,84,
Proceedings of IEEE Computer Society Annual Symposium on VLSI  ISVLSI,84,
2021 IEEE World AI IoT Congress  AIIoT 2021,83,
CHIIR 2020 - Proceedings of the 2020 Conference on Human Information Interaction and Retrieval,83,Y
IEEE/IAS International Conference on Industrial Automation and Control  Proceedings,83,
Proceedings of the International Conference on Application-Specific Systems  Architectures and Processors,82,
14th Conference of the European Chapter of the Association for Computational Linguistics 2014  EACL 2014,81,Y
Journal of Mines  Metals and Fuels,81,
Proceedings of the International Conference on High Performance Computing  HiPC,81,
Proceedings of the ACM Symposium on Virtual Reality Software and Technology  VRST,79,
2021 2nd Information Communication Technologies Conference  ICTC 2021,78,
2021 IEEE Technology and Engineering Management Conference - Europe  TEMSCON-EUR 2021,78,
IEEE International Conference on High Performance Switching and Routing  HPSR,78,
International Conference on Architectural Support for Programming Languages and Operating Systems - ASPLOS,78,
Eye Tracking Research and Applications Symposium (ETRA),77,
FAccT 2021 - Proceedings of the 2021 ACM Conference on Fairness  Accountability  and Transparency,77,
L@S 2020 - Proceedings of the 7th ACM Conference on Learning @ Scale,77,
SAE Technical Papers,77,
Special Interest Group on Computer Graphics and Interactive Techniques Conference Talks  SIGGRAPH 2020,77,
UMAP 2021 - Adjunct Publication of the 29th ACM Conference on User Modeling  Adaptation and Personalization,77,
e-Energy 2021 - Proceedings of the 2021 12th ACM International Conference on Future Energy Systems,77,
ACL-IJCNLP 2021 - 59th Annual Meeting of the Association for Computational Linguistics and the 11th International Joint Conference on Natural Language Processing  Proceedings of the Student Research Workshop,76,Y
CHIIR 2017 - Proceedings of the 2017 Conference Human Information Interaction and Retrieval,76,
IEEE International Conference on Electro Information Technology,76,
Lecture Notes in Computer Science (including subseries Lecture Notes in Artificial Intelligence and Lecture Notes in Bioinformatics),76,
Proceedings of the 2021 IEEE Conference on Network Softwarization: Accelerating Network Softwarization in the Cognitive Age  NetSoft 2021,76,
2021 IEEE International Conference on Automatic Control and Intelligent Systems  I2CACIS 2021 - Proceedings,75,
2021 IEEE International Joint Conference on Biometrics  IJCB 2021,75,
AIES 2018 - Proceedings of the 2018 AAAI/ACM Conference on AI  Ethics  and Society,75,Y
Proceedings of the 1996 3rd International Conference on High Performance Computing  HiPC,75,
Proceedings of the 2nd ACM International Conference on Multimedia in Asia  MMAsia 2020,75,
ICTIR 2021 - Proceedings of the 2021 ACM SIGIR International Conference on Theory of Information Retrieval,74,
Proceedings of the International Symposium on Low Power Electronics and Design,74,
ASIA CCS 2021 - Proceedings of the 2021 ACM Asia Conference on Computer and Communications Security,73,
Journal of the Institute of Wood Science,73,
Proceedings of the 11th ACM International Conference on Bioinformatics  Computational Biology and Health Informatics  BCB 2020,73,
2021 IEEE 4th International Conference on DC Microgrids  ICDCM 2021,72,
EMNLP-IJCNLP 2019 - Proceedings of the 3rd Workshop on Neural Generation and Translation,72,
IoTDI 2021 - Proceedings of the 2021 International Conference on Internet-of-Things Design and Implementation,72,
Proceedings - International Symposium on Wearable Computers  ISWC,72,
2021 IEEE International Black Sea Conference on Communications and Networking  BlackSeaCom 2021,71,
Communications in Computer and Information Science,71,
CHIIR 2018 - Proceedings of the 2018 Conference on Human Information Interaction and Retrieval,70,Y
2021 International Conference of Optical Imaging and Measurement  ICOIM 2021,69,
Proceedings of the 12th ACM Conference on Bioinformatics  Computational Biology  and Health Informatics  BCB 2021,69,
Proceedings of the Middle East Oil Show,69,
Proceedings of the SPE India Oil and Gas Conference and Exhibition,69,
Transactions of the Indian Institute of Metals,69,
2021 19th IEEE International New Circuits and Systems Conference  NEWCAS 2021,68,
2021 IEEE Sensors Applications Symposium  SAS 2021 - Proceedings,68,
CHIIR 2019 - Proceedings of the 2019 Conference on Human Information Interaction and Retrieval,68,Y
ICTIR 2020 - Proceedings of the 2020 ACM SIGIR International Conference on Theory of Information Retrieval,68,
2021 7th International Conference on Condition Monitoring of Machinery in Non-Stationary Operations  CMMNO 2021,66,
CoNEXT 2020 - Proceedings of the 16th International Conference on Emerging Networking EXperiments and Technologies,66,
ICEEM 2021 - 2nd IEEE International Conference on Electronic Engineering,66,
International Conference on Virtual Rehabilitation  ICVR,66,
Proceedings of the IEEE International Conference on Software Engineering and Service Sciences  ICSESS,66,
10th IEEE International Conference on Communication  Networks and Satellite  Comnetsat 2021 - Proceedings,65,
2021 IEEE 3rd International Conference on Computer Science and Educational Informatization  CSEI 2021,65,
Proceedings - 2020 IEEE/ACM Symposium on Edge Computing  SEC 2020,65,
AIES 2020 - Proceedings of the AAAI/ACM Conference on AI  Ethics  and Society,64,Y
BuildSys 2020 - Proceedings of the 7th ACM International Conference on Systems for Energy-Efficient Buildings  Cities  and Transportation,63,
Digest of Papers - IEEE Radio Frequency Integrated Circuits Symposium,63,
10th Workshop on Statistical Machine Translation  WMT 2015 at the 2015 Conference on Empirical Methods in Natural Language Processing  EMNLP 2015 - Proceedings,62,Y
ACL 2019 - 57th Annual Meeting of the Association for Computational Linguistics  Proceedings of the Student Research Workshop,62,Y
IHC 2020 - Proceedings of the 19th Brazilian Symposium on Human Factors in Computing Systems,62,
2021 IEEE Electric Ship Technologies Symposium  ESTS 2021,61,
Adjunct Proceedings - 13th International ACM Conference on Automotive User Interfaces and Interactive Vehicular Applications  AutomotiveUI 2021,61,
GoodIT 2021 - Proceedings of the 2021 Conference on Information Technology for Social Good,61,
ICER 2020 - Proceedings of the 2020 ACM Conference on International Computing Education Research,61,
Proceedings - 2020 IEEE/ACM 13th International Conference on Utility and Cloud Computing  UCC 2020,61,
Proceedings of the 20th ACM International Conference on Intelligent Virtual Agents  IVA 2020,61,
SIGDOC 2020 - Proceedings of the 38th ACM International Conference on Design of Communication,61,
ACM SIGGRAPH 2020 Posters  SIGGRAPH 2020,60,
ISSTA 2021 - Proceedings of the 30th ACM SIGSOFT International Symposium on Software Testing and Analysis,60,
ACM SIGGRAPH 2021 Talks  SIGGRAPH 2021,59,
ICTIR 2017 - Proceedings of the 2017 ACM SIGIR International Conference on the Theory of Information Retrieval,59,
Mechanical and corrosion properties. Series A  Key engineering materials,59,
Proceedings of the Asian Test Symposium,59,
UIST 2020 - Adjunct Publication of the 33rd Annual ACM Symposium on User Interface Software and Technology,59,
Proceedings - 2021 IEEE 22nd International Symposium on a World of Wireless  Mobile and Multimedia Networks  WoWMoM 2021,58,
Proceedings of 2021 IEEE 12th International Conference on Mechanical and Intelligent Manufacturing Technologies  ICMIMT 2021,58,
SIGCOMM 2021 - Proceedings of the ACM SIGCOMM 2021 Conference,58,
CoNLL 2018 - 22nd Conference on Computational Natural Language Learning  Proceedings,57,Y
L@S 2021 - Proceedings of the 8th ACM Conference on Learning @ Scale,57,
2021 IEEE 12th Control and System Graduate Research Colloquium  ICSGRC 2021 - Proceedings,56,
2021 IEEE 2nd International Conference on Pattern Recognition and Machine Learning  PRML 2021,56,
2021 IEEE 7th International Conference on Smart Instrumentation  Measurement and Applications  ICSIMA 2021,56,
Advances in Colloid and Interface Science,56,
ICCPS 2021 - Proceedings of the 2021 ACM/IEEE 12th International Conference on Cyber-Physical Systems (with CPS-IoT Week 2021),56,
Proceedings of the 16th AAAI Conference on Artificial Intelligence and Interactive Digital Entertainment  AIIDE 2020,56,
Proceedings of the ACM SIGCOMM Internet Measurement Conference  IMC,56,
SIGCOMM 2020 - Proceedings of the 2020 Annual Conference of the ACM Special Interest Group on Data Communication on the Applications  Technologies  Architectures  and Protocols for Computer Communication,56,
2021 IEEE Wireless Power Transfer Conference  WPTC 2021,55,
EMNLP 2017 - 12th Workshop on Innovative Use of NLP for Building Educational Applications  BEA 2017 - Proceedings of the Workshop,54,
ACL 2019 - Innovative Use of NLP for Building Educational Applications  BEA 2019 - Proceedings of the 14th Workshop,53,Y
ICER 2021 - Proceedings of the 17th ACM Conference on International Computing Education Research,53,
IEEE International Symposium on Applications of Feeroelectric  ISAF 2021  International Symposium on Integrated Functionalities  ISIF 2021 and Piezoresponse Force Microscopy Workshop  PFM 2021 - Proceedings,53,
Leibniz International Proceedings in Informatics  LIPIcs,53,
Manuf Technol  Gen Assem of CIRP  27th,53,
MobiSys 2021 - Proceedings of the 19th Annual International Conference on Mobile Systems  Applications  and Services,52,
Proceedings of the 13th AAAI Conference on Artificial Intelligence and Interactive Digital Entertainment  AIIDE 2017,52,
Proceedings of the 13th Workshop on Innovative Use of NLP for Building Educational Applications  BEA 2018 at the 2018 Conference of the North American Chapter of the Association for Computational Linguistics: Human Language Technologies  NAACL-HTL 2018,52,
Annual ACM Symposium on Parallelism in Algorithms and Architectures,51,
CHI PLAY 2020 - Proceedings of the Annual Symposium on Computer-Human Interaction in Play,51,
IEEE International Conference on Program Comprehension,51,
Proceedings - 2021 IEEE Ural-Siberian Conference on Computational Technologies in Cognitive Science  Genomics and Biomedicine  CSGB 2021,51,
Proceedings - 51st Annual IEEE/IFIP International Conference on Dependable Systems and Networks  DSN 2021,51,
Proceedings - IEEE International Conference on Mobile Data Management,51,
Proceedings of the ACM SIGPLAN Symposium on Principles and Practice of Parallel Programming  PPOPP,51,
EMNLP-IJCNLP 2019 - Graph-Based Methods for Natural Language Processing - Proceedings of the 13th Workshop,50,
2021 IEEE International Workshop on Metrology for Automotive  MetroAutomotive 2021 - Proceedings,49,
ICTIR 2019 - Proceedings of the 2019 ACM SIGIR International Conference on Theory of Information Retrieval,49,
IETE Journal of Research,49,
Proceedings of the International Symposium on Symbolic and Algebraic Computation  ISSAC,49,
IMX 2021 - Proceedings of the 2021 ACM International Conference on Interactive Media Experiences,48,
Parallel Architectures and Compilation Techniques - Conference Proceedings  PACT,48,
Proceedings of the 4th Conference on Computational Natural Language Learning  CoNLL 2000 and of the 2nd Learning Language in Logic Workshop  LLL 2000 - Held in cooperation with ICGI 2000,48,
Proceedings of the International Symposium on Mobile Ad Hoc Networking and Computing (MobiHoc),48,
2021 IEEE International Conference on Prognostics and Health Management  ICPHM 2021,47,
ICEIEC 2021 - Proceedings of 2021 IEEE 11th International Conference on Electronics Information and Emergency Communication,47,
IEEE International Conference on Development and Learning  ICDL 2021,47,
Proceedings - 2021 IEEE Regional Symposium on Micro and Nanoelectronics  RSM 2021,47,
Proceedings of the 14th AAAI Conference on Artificial Intelligence and Interactive Digital Entertainment  AIIDE 2018,47,
Proceedings of the European Test Workshop,47,
WiSec 2021 - Proceedings of the 14th ACM Conference on Security and Privacy in Wireless and Mobile Networks,47,
Annual IEEE Communications Society Conference on Sensor  Mesh and Ad Hoc Communications and Networks workshops,46,
Proceedings of the 2021 IEEE Texas Symposium on Wireless and Microwave Circuits and Systems: Making Waves in Texas  WMCS 2021,46,
Special Interest Group on Computer Graphics and Interactive Techniques Conference Posters  SIGGRAPH 2021,46,
2021 IEEE 4th International Conference on Big Data and Artificial Intelligence  BDAI 2021,45,
2021 ACM/IEEE 3rd Workshop on Machine Learning for CAD  MLCAD 2021,44,
2021 IEEE International Conference on Omni-Layer Intelligent Systems  COINS 2021,44,
CoNLL 2017 - 21st Conference on Computational Natural Language Learning  Proceedings,44,
IEEE International Engineering Management Conference,44,
International Symposium on Empirical Software Engineering and Measurement,44,
EC 2021 - Proceedings of the 22nd ACM Conference on Economics and Computation,43,
Proceedings - 2021 8th IEEE International Conference on Cyber Security and Cloud Computing and 2021 7th IEEE International Conference on Edge Computing and Scalable Cloud  CSCloud-EdgeCom 2021,43,
Proceedings - 33rd Symposium on Integrated Circuits and Systems Design  SBCCI 2020,42,
Proceedings of the 2021 ACMSE Conference - ACMSE 2021: The Annual ACM Southeast Conference,42,
Proceedings of the 20th International Conference on Information Processing in Sensor Networks  IPSN 2021 (co-located with CPS-IoT Week 2021),42,
Proceedings of the International Conference on Supercomputing,42,
UMAP 2021 - Proceedings of the 29th ACM Conference on User Modeling  Adaptation and Personalization,42,
ACL 2019 - 4th Arabic Natural Language Processing Workshop  WANLP 2019 - Proceedings of the Workshop,41,Y
CoNLL 2008 - Proceedings of the Twelfth Conference on Computational Natural Language Learning,41,Y
Conference Proceedings - 22nd International Conference on Human-Computer Interaction with Mobile Devices and Services: Expanding the Horizon of Mobile Interaction  MobileHCI 2020,41,
EACL 2021 - 16th Conference of the European Chapter of the Association for Computational Linguistics  Proceedings of the System Demonstrations,41,Y
ICTIR 2018 - Proceedings of the 2018 ACM SIGIR International Conference on the Theory of Information Retrieval,41,Y
Proceedings of the International Symposium on Physical Design,41,
SIGMETRICS 2021 - Abstract Proceedings of the 2021 ACM SIGMETRICS / International Conference on Measurement and Modeling of Computer Systems,41,
CODASPY 2021 - Proceedings of the 11th ACM Conference on Data and Application Security and Privacy,40,
CoNLL 2005 - Proceedings of the Ninth Conference on Computational Natural Language Learning,40,Y
CoNLL 2006 - Proceedings of the 10th Conference on Computational Natural Language Learning,40,
Proceedings of the 15th AAAI Conference on Artificial Intelligence and Interactive Digital Entertainment  AIIDE 2019,40,
Proceedings of the 32nd Innovative Applications of Artificial Intelligence Conference  IAAI 2020,40,Y
Proceedings of the ISOPE Ocean Mining Symposium,40,
3rd IEEE International Conference on Design and Test of Integrated Micro and Nano-Systems  DTS 2021,39,
CoNLL 2015 - 19th Conference on Computational Natural Language Learning  Proceedings,39,Y
ICPE 2021 - Companion of the ACM/SPEC International Conference on Performance Engineering,39,
SIGGRAPH Asia 2020 Posters. SA 2020,39,
Physica A: Statistical Mechanics and its Applications,38,
Proceedings of the 21st ACM International Conference on Intelligent Virtual Agents  IVA 2021,38,
Proceedings of the 8th ACM International Conference on Nanoscale Computing and Communication  NANOCOM 2021,38,
Proceedings of the Tenth Conference on Computational Natural Language Learning  CoNLL-X,38,Y
EMNLP 2017 - 8th Workshop on Computational Approaches to Subjectivity  Sentiment and Social Media Analysis  WASSA 2017 - Proceedings of the Workshop,37,Y
Proceedings - 23rd ACM/IEEE International Conference on Model Driven Engineering Languages and Systems  MODELS 2020,37,
Proceedings of the 11th Workshop on Innovative Use of NLP for Building Educational Applications  BEA 2016 at the 2016 Conference of the North American Chapter of the Association for Computational Linguistics: Human Language Technologies  NAACL-HLT 2016,37,Y
Water Science and Technology,37,
ACL 2019 - 57th Annual Meeting of the Association for Computational Linguistics  Proceedings of System Demonstrations,36,Y
HSCC 2021 - Proceedings of the 24th International Conference on Hybrid Systems: Computation and Control (part of CPS-IoT Week),36,
Proceedings - SUI 2020: ACM Symposium on Spatial User Interaction,36,
Proceedings - Web3D 2020: 25th ACM Conference on 3D Web Technology,36,
Proceedings of the 30th Innovative Applications of Artificial Intelligence Conference  IAAI 2018,36,
Proceedings of the SIGCOMM 2020 Poster and Demo Sessions  SIGCOMM 2020,36,
SoCC 2020 - Proceedings of the 2020 ACM Symposium on Cloud Computing,36,
2021 IEEE PELS Workshop on Emerging Technologies: Wireless Power Transfer  WoW 2021,35,
Adjunct Proceedings - 12th International ACM Conference on Automotive User Interfaces and Interactive Vehicular Applications  AutomotiveUI 2020,35,
HT 2021 - Proceedings of the 32nd ACM Conference on Hypertext and Social Media,35,
ICPE 2021 - Proceedings of the ACM/SPEC International Conference on Performance Engineering,35,
IFIP Transactions B: Computer Applications in Technology,35,
INES 2021 - IEEE 25th International Conference on Intelligent Engineering Systems  Proceedings,35,
Proceedings - 51st Annual IEEE/IFIP International Conference on Dependable Systems and Networks Workshops  DSN-W 2021,35,
2021 IEEE 9th International Conference on Bioinformatics and Computational Biology  ICBCB 2021,34,
5th International Conference on Smart Grid and Smart Cities  ICSGSC 2021,34,
ACL 2019 - 4th Workshop on Representation Learning for NLP  RepL4NLP 2019 - Proceedings of the Workshop,34,
DeepLo@EMNLP-IJCNLP 2019 - Proceedings of the 2nd Workshop on Deep Learning Approaches for Low-Resource Natural Language Processing - Proceedings,34,Y
HotMobile 2021 - Proceedings of the 22nd International Workshop on Mobile Computing Systems and Applications,34,
ISSTA 2020 - Proceedings of the 29th ACM SIGSOFT International Symposium on Software Testing and Analysis,34,
Proceedings - 12th International ACM Conference on Automotive User Interfaces and Interactive Vehicular Applications  AutomotiveUI 2020,34,
Proceedings - 2021 IEEE 27th International Symposium on On-Line Testing and Robust System Design  IOLTS 2021,34,
Proceedings of the 2020 IEEE/ACM 24th International Symposium on Distributed Simulation and Real Time Applications  DS-RT 2020,34,
Proceedings of the 2nd Workshop on Representation Learning for NLP  Rep4NLP 2017 at the 55th Annual Meeting of the Association for Computational Linguistics  ACL 2017,34,
Radiation Physics and Chemistry,34,
Studies in Computational Intelligence,34,
*SEM 2017 - 6th Joint Conference on Lexical and Computational Semantics  Proceedings,33,
Advanced Ceramics,33,
CGO 2021 - Proceedings of the 2021 IEEE/ACM International Symposium on Code Generation and Optimization,33,
MSWiM 2020 - Proceedings of the 23rd International ACM Conference on Modeling  Analysis and Simulation of Wireless and Mobile Systems,33,
Proceedings of the 18th ACM International Conference on Computing Frontiers 2021  CF 2021,33,
Proceedings of the ACM SIGACT-SIGMOD-SIGART Symposium on Principles of Database Systems,33,
CoNLL 2016 - 20th SIGNLL Conference on Computational Natural Language Learning  Proceedings,32,
DocEng 2021 - Proceedings of the 2021 ACM Symposium on Document Engineering,32,
HotNets 2020 - Proceedings of the 19th ACM Workshop on Hot Topics in Networks,32,
IEEE International Workshop on Factory Communication Systems - Proceedings  WFCS,32,
LAW-MWE-CxG 2018 - Joint Workshop on Linguistic Annotation  Multiword Expressions and Constructions  Proceedings of the Workshop,32,
Middleware 2020 - Proceedings of the 2020 21st International Middleware Conference,32,
Proceedings of the 7th Workshop on Computational Approaches to Subjectivity  Sentiment and Social Media Analysis  WASSA 2016 at the 2016 Conference of the North American Chapter of the Association for Computational Linguistics: Human Language Technologies  NAACL-HLT 2016,32,Y
10th Workshop on Innovative Use of NLP for Building Educational Applications  BEA 2015 at the 2015 Conference of the North American Chapter of the Association for Computational Linguistics: Human Language Technologies  NAACL-HLT 2015,31,
Proceedings - 2020 35th IEEE/ACM International Conference on Automated Software Engineering Workshops  ASEW 2020,31,
Proceedings - 2020 ACM/IEEE 42nd International Conference on Software Engineering: New Ideas and Emerging Results  ICSE-NIER 2020,31,
Proceedings - 20th IEEE/ACIS International Summer Conference on Computer and Information Science  ICIS 2021-Summer,31,
Proceedings - 51st Annual IEEE/IFIP International Conference on Dependable Systems and Networks - Supplemental Volume  DSN-S 2021,31,
Proceedings of the 2021 SIGCOMM 2021 Poster and Demo Sessions  Part of SIGCOMM 2021,31,
WAT@EMNLP-IJCNLP 2019 - 6th Workshop on Asian Translation  Proceedings,31,
54th Annual Meeting of the Association for Computational Linguistics  ACL 2016 - System Demonstrations,30,Y
CoNLL 2011 - Fifteenth Conference on Computational Natural Language Learning  Proceedings of the Conference,30,Y
CoNLL 2017 - SIGNLL Conference on Computational Natural Language Learning  Proceedings of the CoNLL 2017 Shared Task: Multilingual Parsing from Raw Text to Universal Dependencies,30,Y
EMNLP 2018 - Conference on Empirical Methods in Natural Language Processing: System Demonstrations  Proceedings,30,Y
Proceedings - 2021 IEEE/ACM 8th International Workshop on Software Engineering Research and Industrial Practice  SER and IP 2021,30,
*SEM 2016 - 5th Joint Conference on Lexical and Computational Semantics  Proceedings,29,
1st Workshop on Vector Space Modeling for Natural Language Processing  VS 2015 at the Conference of the North American Chapter of the Association for Computational Linguistics: Human Language Technologies  NAACL-HLT 2015,29,
2021 9th IEEE International Conference on Smart Energy Grid Engineering  SEGE 2021,29,
2021 IEEE Conference on Norbert Wiener in the 21st Century: Being Human in a Global Village  21CW 2021,29,
ACM CHIL 2021 - Proceedings of the 2021 ACM Conference on Health  Inference  and Learning,29,
MLCAD 2020 - Proceedings of the 2020 ACM/IEEE Workshop on Machine Learning for CAD,29,
Proceedings of the 3rd Workshop on Computational Linguistics and Clinical Psychology: From Linguistic Signal to Clinical Reality  CLPsych 2016 at the 2016 Conference of the North American Chapter of the Association for Computational Linguistics: Human Language Technologies  NAACL-HLT 2016,29,
SYSTOR 2021 - Proceedings of the 14th ACM International Conference on Systems and Storage,29,
ACM SIGGRAPH 2020 Art Gallery  SIGGRAPH 2020,28,
CPP 2021 - Proceedings of the 10th ACM SIGPLAN International Conference on Certified Programs and Proofs  co-located with POPL 2021,28,
CoNLL 2009 - Proceedings of the Thirteenth Conference on Computational Natural Language Learning,28,Y
CoNLL 2010 - Fourteenth Conference on Computational Natural Language Learning  Proceedings of the Conference,28,Y
CoNLL 2018 - SIGNLL Conference on Computational Natural Language Learning  Proceedings of the CoNLL 2018 Shared Task: Multilingual Parsing from Raw Text to Universal Dependencies,28,Y
DEBS 2021 - Proceedings of the 15th ACM International Conference on Distributed and Event-Based Systems,28,
EACL 2021 - 16th Conference of the European Chapter of the Association for Computational Linguistics  Proceedings of the Student Research Workshop,28,Y
FPGA 2021 - 2021 ACM/SIGDA International Symposium on Field-Programmable Gate Arrays,28,
LAW 2019 - 13th Linguistic Annotation Workshop  Proceedings of the Workshop,28,
Proceedings - 2021 IEEE/ACM 3rd International Workshop on Robotics Software Engineering  RoSE 2021,28,
Proceedings - 2021 IEEE/ACM 3rd International Workshop on Software Engineering for Healthcare  SEH 2021,28,
2021 IEEE Design Methodologies Conference  DMC 2021,27,
ACL 2018 - 56th Annual Meeting of the Association for Computational Linguistics  Proceedings of System Demonstrations,27,Y
ACL-IJCNLP 2015 - 53rd Annual Meeting of the Association for Computational Linguistics and the 7th International Joint Conference on Natural Language Processing  Proceedings of System Demonstrations,27,Y
BSCI 2020 - Proceedings of the 2nd ACM International Symposium on Blockchain and Secure Critical Infrastructure  Co-located with AsiaCCS 2020,27,
CoNLL 2013 - 17th Conference on Computational Natural Language Learning  Proceedings,27,Y
HPDC 2021 - Proceedings of the 30th International Symposium on High-Performance Parallel and Distributed Computing,27,
ISS 2020 - Companion - Proceedings of the 2020 Conference on Interactive Surfaces and Spaces,27,
International Conference on Software Testing  Reliability and Quality Assurance  STRQA,27,
Proceedings - 2021 IEEE International Conference on Cognitive and Computational Aspects of Situation Management  CogSIMA 2021,27,
SPI 2021 - 25th IEEE Workshop on Signal and Power Integrity,27,
Wind Loads on Structures,27,
6th Workshop on Computational Approaches to Subjectivity  Sentiment and Social Media Analysis  WASSA 2015 at the 2015 Conference on Empirical Methods in Natural Language Processing  EMNLP 2015 - Proceedings,26,
EMNLP 2017 - 1st Workshop on Subword and Character Level Models in NLP  SCLeM 2017 - Proceedings of the Workshop,26,
ICN 2020 - Proceedings of the 7th ACM Conference on Information-Centric Networking,26,
Journal of the Institution of Engineers (India)  Part ND: New Divisions,26,
Proceedings - 2021 IEEE/ACM 6th International Workshop on Metamorphic Testing  MET 2021,26,
Proceedings of the 7th ACM International Conference on Nanoscale Computing and Communication  NanoCom 2020,26,
2021 IEEE International Workshop of Electronics  Control  Measurement  Signals and their Application to Mechatronics  ECMSM 2021,25,
ACL 2017 - 55th Annual Meeting of the Association for Computational Linguistics  Proceedings of the Student Research Workshop,25,Y
CIVEMSA 2021 - IEEE International Conference on Computational Intelligence and Virtual Environments for Measurement Systems and Applications  Proceedings,25,
IFIP Transactions C: Communication Systems,25,
NAACL HLT 2019 - 2019 Conference of the North American Chapter of the Association for Computational Linguistics: Human Language Technologies - Proceedings of the Demonstrations Session,25,Y
NAACL-HLT 2015 - 2015 Conference of the North American Chapter of the Association for Computational Linguistics: Human Language Technologies - Demonstrations  Proceedings,25,Y
NAACL-HLT 2015 - 2015 Student Research Workshop (SRW) at the Conference of the North American Chapter of the Association for Computational Linguistics: Human Language Technologies  Proceedings,25,Y
PervasiveHealth: Pervasive Computing Technologies for Healthcare,25,
Proceedings of the 12th International Conference on Management of Digital EcoSystems  MEDES 2020,25,
2021 5th IEEE International Conference on Cybernetics  CYBCONF 2021,24,
54th Annual Meeting of the Association for Computational Linguistics  ACL 2016 - Student Research Workshop,24,Y
ACL 2018 - 56th Annual Meeting of the Association for Computational Linguistics  Proceedings of the Student Research Workshop,24,
ACM SIGGRAPH 2020 Emerging Technologies  SIGGRAPH 2020,24,
IH and MMSec 2021 - Proceedings of the 2021 ACM Workshop on Information Hiding and Multimedia Security,24,
LAW 2015 - 9th Linguistic Annotation Workshop  held in conjuncion with NAACL 2015 - Proceedings of the Workshop,24,
Proceedings - 2021 IEEE/ACM 1st Workshop on AI Engineering - Software Engineering for AI  WAIN 2021,24,
Proceedings - 2021 IEEE/ACM International Workshop on Body of Knowledge for Software Sustainability  BoKSS 2021,24,
Proceedings - 2021 IEEE/ACM International Workshop on Cloud Intelligence  CloudIntelligence 2021,24,
Proceedings of 2021 Workshop on Computation-Aware Algorithmic Design for Cyber-Physical Systems  CAADCPS 2021,24,
Proceedings of the 8th Conference on Computational Natural Language Learning  CoNLL 2004 - Held in cooperation with HLT-NAACL 2004,24,
Proceedings of the ACM Symposium on Document Engineering  DocEng 2020,24,
Radiation effects,24,
ACL 2017 - 55th Annual Meeting of the Association for Computational Linguistics  Proceedings of System Demonstrations,23,Y
ACM SIGGRAPH 2020 Courses  SIGGRAPH 2020,23,
ACM SIGGRAPH 2021 Immersive Pavilion  SIGGRAPH 2021,23,
ACM SIGGRAPH/Eurographics Symposium on Computer Animation  SCA 2020,23,
CoNLL-2010: Shared Task - Fourteenth Conference on Computational Natural Language Learning  Proceedings of the Shared Task,23,Y
ICN 2021 - Proceedings of the 2021 8th ACM Conference on Information-Centric Networking,23,
LAW 2016 - 10th Linguistic Annotation Workshop  held in conjuncion with ACL 2016 - Workshop Proceedings,23,
NAACL HLT 2018 - 2018 Conference of the North American Chapter of the Association for Computational Linguistics: Human Language Technologies - Proceedings of the Student Research Workshop,23,Y
NILM 2020 - Proceedings of the 5th International Workshop on Non-Intrusive Load Monitoring,23,
Proceedings of the 14th SIGMORPHON Workshop on Computational Research in Phonetics  Phonology  and Morphology  SIGMORPHON 2016 at the 54th Annual Meeting of the Association for Computational Linguistics  ACL 2016,23,
Proceedings of the 20th SIGNLL Conference on Computational Natural Language Learning: Shared Task  CoNLL 2016,23,
Proceedings of the 5th Workshop on Computational Linguistics and Clinical Psychology: From Keyboard to Clinic  CLPsych 2018 at the 2018 Conference of the North American Chapter of the Association for Computational Linguistics: Human Language Technologies  NAACL-HTL 2018,23,
SLE 2020 - Proceedings of the 13th ACM SIGPLAN International Conference on Software Language Engineering  Co-located with SPLASH 2020,23,
WiNTECH 2020 - Proceedings of the 14th ACM Workshop on Wireless Network Testbeds  Experimental evaluation and CHaracterization  Part of ACM MobiCom 2020,23,
ACL 2019 - 6th Workshop on Argument Mining  ArgMining 2019 - Proceedings of the Workshop,22,
ACL 2019 - Joint Workshop on Multiword Expressions and WordNet  MWE-WN 2019 - Proceedings of the Workshop,22,
CoNLL 2014 - 18th Conference on Computational Natural Language Learning  Proceedings,22,Y
EACL 2012 - Proceedings of the Demonstrations at the 13th Conference of the European Chapter of the Association for Computational Linguistics,22,Y
EMNLP 2017 - Conference on Empirical Methods in Natural Language Processing: System Demonstrations  Proceedings,22,Y
IEEE Workshop on Local and Metropolitan Area Networks,22,
NAACL-HLT 2016 - 2016 Conference of the North American Chapter of the Association for Computational Linguistics: Human Language Technologies  Proceedings of the Demonstrations Session,22,Y
Proceedings - 2021 IEEE/ACM 13th International Workshop on Cooperative and Human Aspects of Software Engineering  CHASE 2021,22,
Proceedings - 2021 IEEE/ACM 3rd International Workshop on Bots in Software Engineering  BotSE 2021,22,
Proceedings - 2021 IEEE/ACM 3rd International Workshop on Software Engineering Research and Practices for the IoT  SERP4IoT 2021,22,
Proceedings - MIG 2020: 13th ACM SIGGRAPH Conference on Motion  Interaction  and Games,22,
Proceedings of the 2001 Conference on Empirical Methods in Natural Language Processing  EMNLP 2001,22,
2021 3rd World Symposium on Artificial Intelligence  WSAI 2021,21,
AFT 2020 - Proceedings of the 2nd ACM Conference on Advances in Financial Technologies,21,
AKBC 2013 - Proceedings of the 2013 Workshop on Automated Knowledge Base Construction  Co-located with CIKM 2013,21,
EMNLP 2017 - 2nd Workshop on Natural Language Processing Meets Journalism  NLPmJ 2017 - Proceedings of the Workshop,21,Y
Journal of the Institution of Engineers (India): Chemical Engineering Division,21,
MMSys 2021 - Proceedings of the 2021 Multimedia Systems Conference,21,
NAACL HLT 2019 - 2019 Conference of the North American Chapter of the Association for Computational Linguistics: Human Language Technologies - Proceedings of the Student Research Workshop,21,Y
Proceedings - 2020 IEEE/ACM International Conference on Big Data Computing  Applications and Technologies  BDCAT 2020,21,
Proceedings ACM SIGUCCS User Services Conference,21,
Proceedings of ACM Symposium on Access Control Models and Technologies  SACMAT,21,
Proceedings of the 5th Workshop on Automated Knowledge Base Construction  AKBC 2016 at the 2016 Conference of the North American Chapter of the Association for Computational Linguistics: Human Language Technologies  NAACL-HLT 2016,21,
2020 18th ACM-IEEE International Conference on Formal Methods and Models for System Design  MEMOCODE 2020,20,
BSNLP 2017 - 6th Workshop on Balto-Slavic Natural Language Processing at the 15th Conference of the European Chapter of the Association for Computational Linguistics  EACL 2017,20,
Proceedings - 2018 International Conference on Intelligent Environments  IE 2018,20,
Proceedings - 2021 IEEE/ACM 2nd International Workshop on Quantum Software Engineering  Q-SE 2021,20,
Proceedings - 2021 IEEE/ACM International Workshop on Automated Program Repair  APR 2021,20,
Proceedings - SAP 2020: ACM Symposium on Applied Perception,20,
Proceedings of the 5th Workshop on NLP and XML: Multi-Dimensional Markup in Natural Language Processing  NLPXML 2006 at the 11th Conference of the European Chapter of the Association for Computational Linguistics  EACL 2006,20,
Proceedings of the 8th Workshop on Language Technology for Cultural Heritage  Social Sciences  and Humanities  LaTeCH 2014 at the 14th Conference of the European Chapter of the Association for Computational Linguistics  EACL 2014,20,
Proceedings of the Annual International Conference on Mobile Computing and Networking  MOBICOM,20,
Proceedings of the Workshop on Figurative Language Processing  Fig-Lang 2018 at the 2018 Conference of the North American Chapter of the Association for Computational Linguistics: Human Language Technologies  NAACL-HTL 2018,20,
Q2SWinet 2020 - Proceedings of the 16th ACM Symposium on QoS and Security for Wireless and Mobile Networks,20,
SIGGRAPH Asia 2020 Emerging Technologies  SA 2020,20,
2021 IEEE Cognitive Communications for Aerospace Applications Workshop  CCAAW 2021,19,
2021 IEEE International Conference on Computational Photography  ICCP 2021,19,
ACM SIGGRAPH 2020 Immersive Pavilion  SIGGRAPH 2020,19,
CoNLL- 2009: Shared Task - Proceedings of the Thirteenth Conference on Computational Natural Language Learning  CoNLL: Shared Task,19,
FODS 2020 - Proceedings of the 2020 ACM-IMS Foundations of Data Science Conference,19,
HLT-NAACL 2016 - 2016 Conference of the North American Chapter of the Association for Computational Linguistics: Human Language Technologies  Proceedings of the Student Research Workshop,19,
MobiWac 2020 - Proceedings of the 18th ACM Symposium on Mobility Management and Wireless Access,19,
Proceedings - 2020 IEEE/ACM 1st International Conference on Automation of Software Test  AST 2020,19,
Proceedings - 2021 IEEE 24th International Symposium on Real-Time Distributed Computing  ISORC 2021,19,
Proceedings of the 1995 Conference on Inorganic Matrix Composites,19,
Proceedings of the 5th International Workshop on Health Text Mining and Information Analysis  Louhi 2014 at the 14th Conference of the European Chapter of the Association for Computational Linguistics  EACL 2014,19,
Proceedings of the Platform for Advanced Scientific Computing Conference  PASC 2021,19,
2021 IEEE Data Science and Learning Workshop  DSLW 2021,18,
2021 IEEE International Conference on Software Engineering and Artificial Intelligence  SEAI 2021,18,
ACM SIGGRAPH 2021 Courses  SIGGRAPH 2021,18,
ANRW 2021 - Proceedings of the 2021 Applied Networking Research Workshop,18,
CC 2021 - Proceedings of the 30th ACM SIGPLAN International Conference on Compiler Construction,18,
CPHS 2021 - Proceedings of the 2021 1st ACM International Workshop on Cyber-Physical-Human System Design and Implementation,18,
CoNLL 2013 - 17th Conference on Computational Natural Language Learning  Proceedings of the Shared Task,18,Y
CoNLL 2018 - Proceedings of the CoNLL-SIGMORPHON 2018 Shared Task: Universal Morphological Reinflection,18,Y
CoNLL 2019 - SIGNLL Conference on Computational Natural Language Learning  Proceedings of the Shared Task on Cross-Framework Meaning Representation Parsing at the 2019 Conference on Natural Language Learning,18,Y
DICPS 2021 - Proceedings of the ACM 1st Workshop on Data-Driven and Intelligent Cyber-Physical Systems  Part of CPS-IoT Week 2021,18,
DOLAP: Proceedings of the ACM International Workshop on Data Warehousing and OLAP,18,
DroneCom 2020 - Proceedings of the 2nd ACM MobiCom Workshop on Drone Assisted Wireless Communications for 5G and Beyond,18,
EMNLP 2020 - 11th International Workshop on Health Text Mining and Information Analysis  LOUHI 2020  Proceedings of the Workshop,18,Y
EMNLP-CoNLL 2012 - Joint Conference on Empirical Methods in Natural Language Processing and Computational Natural Language Learning - Proceedings of the Shared Task: Modeling Multilingual Unrestricted Coreference in OntoNotes,18,Y
IPPTA: Quarterly Journal of Indian Pulp and Paper Technical Association,18,
LSC 2021 - Proceedings of the 4th Annual Lifelog Search Challenge,18,
Proceedings - 2021 20th International Symposium on Parallel and Distributed Computing  ISPDC 2021,18,
Proceedings - 2021 IEEE/ACM 2nd International Workshop on Engineering and Cybersecurity of Critical Systems  EnCyCriS 2021,18,
Proceedings - 2021 IEEE/ACM International Conference on Automation of Software Test  AST 2021,18,
Proceedings - 5th Workshop on Energy Efficient Machine Learning and Cognitive Computing  EMC2-NIPS 2019,18,
Proceedings of the 12th System Analysis and Modelling Conference  SAM 2020,18,
Proceedings of the 1st Workshop on Machine Learning and Systems  EuroMLSys 2021,18,
Proceedings of the 2nd Workshop on Computational Modeling of PFople's Opinions  PersonaLity  and Emotions in Social Media  PEOPLES 2018 at the 2018 Conference of the North American Chapter of the Association for Computational Linguistics: Human Language Technologies  NAACL-HTL 2018,18,
Proceedings of the 3rd Workshop on Predicting and Improving Text Readability for Target Reader Populations  PITR 2014 at the 14th Conference of the European Chapter of the Association for Computational Linguistics  EACL 2014,18,
Proceedings of the 6th Workshop on Language Technology for Cultural Heritage  Social Sciences  and Humanities  LaTeCH 2012 at the 13th Conference of the European Chapter of the Association for Computational Linguistics  EACL 2012,18,
Proceedings of the Workshop on Production of Liquid Iron Using Coal,18,
VEE 2021 - Proceedings of the 17th ACM SIGPLAN/SIGOPS International Conference on Virtual Execution Environments,18,
APSys 2020 - Proceedings of the 2020 ACM SIGOPS Asia-Pacific Workshop on Systems,17,
CCSW 2020 - Proceedings of the 2020 ACM SIGSAC Conference on Cloud Computing Security Workshop,17,
CoNEXT Student Workshop 2020 - Proceedings of the 2020 Student Workshop  Part of CoNEXT 2020,17,
EICS 2021 - Companion of the 2021 ACM SIGCHI Symposium on Engineering Interactive Computing Systems,17,
EMNLP 2017 - Proceedings of the 4th Workshop on Argument Mining  ArgMining 2017,17,Y
ENSsys 2020 - Proceedings of the 8th International Workshop on Energy Harvesting and Energy-Neutral Sensing Systems,17,
HotStorage 2021 - Proceedings of the 13th ACM Workshop on Hot Topics in Storage and File Systems,17,
Minerals and Metallurgical Processing,17,
NOSSDAV 2021 - Proceedings of the 2021 Workshop on Network and Operating System Support for Digital Audio and Video  Part of MMSys 2021,17,
Proceedings of the ACM SIGPLAN Conference on Languages  Compilers  and Tools for Embedded Systems (LCTES),17,
SIGMIS-CPR 2021 - Proceedings of the 2021 Computers and People Research Conference,17,
WPES 2020 - Proceedings of the 19th Workshop on Privacy in the Electronic Society,17,
2021 9th International Conference on Intelligent Computing and Wireless Optical Communications  ICWOC 2021,16,
ACL-IJCNLP 2021 - 59th Annual Meeting of the Association for Computational Linguistics and the 11th International Joint Conference on Natural Language Processing  Tutorial Abstracts,16,Y
CPS-IoTBench 2021 - Proceedings of the 2021 Benchmarking Cyber-Physical Systems and Internet of Things,16,
CoNLL 2015 - 19th Conference on Computational Natural Language Learning  Proceedings of the Shared Task,16,Y
Destion 2021 - Proceedings of the 2021 Design Automation for CPS and IoT,16,
DiscoMT 2017 - Discourse in Machine Translation  Proceedings of the Workshop,16,
LSC 2020 - Proceedings of the 3rd Annual Workshop on the Lifelog Search Challenge,16,
Onward! 2020 - Proceedings of the 2020 ACM SIGPLAN International Symposium on New Ideas  New Paradigms  and Reflections on Programming and Software  Co-located with SPLASH 2020,16,
Proceedings - 2020 IEEE/ACM 8th International Conference on Formal Methods in Software Engineering  FormaliSE 2020,16,
Proceedings - 2021 IEEE/ACM 14th International Workshop on Search-Based Software Testing  SBST 2021,16,
Proceedings - 2021 IEEE/ACM 2nd International Workshop on Ethics in Software Engineering Research and Practice  SEthics 2021,16,
Proceedings - SCF 2020: ACM Symposium on Computational Fabrication,16,
SAT-CPS 2021 - Proceedings of the 2021 ACM Workshop on Secure and Trustworthy Cyber-Physical Systems,16,
SIGSIM-PADS 2021 - Proceedings of the 2021 ACM SIGSIM Conference on Principles of Advanced Discrete Simulation,16,
2021 IEEE 17th International Conference on Wearable and Implantable Body Sensor Networks  BSN 2021,15,
2021 IEEE Colombian Conference on Applications of Computational Intelligence  ColCACI 2021 - Proceedings,15,
ACM SIGGRAPH 2021 Art Gallery  SIGGRAPH 2021,15,
EMNLP 2017 - Workshop on New Frontiers in Summarization  NFiS 2017 - Workshop Proceedings,15,Y
EdgeSys 2021 - Proceedings of the 4th International Workshop on Edge Systems  Analytics and Networking  Part of EuroSys 2021,15,
EuroP4 2020 - Proceedings of the 3rd P4 Workshop in Europe  Part of CoNEXT 2020,15,
MSR@EMNLP-IJCNLP 2019 - 2nd Workshop on Multilingual Surface Realisation  Proceedings,15,
PE-WASUN 2020 - Proceedings of the 17th ACM Symposium on Performance Evaluation of Wireless Ad Hoc  Sensor  and Ubiquitous Networks,15,
Proceedings - 2020 ACM/IEEE 42nd International Conference on Software Engineering: Software Engineering in Society  ICSE-SEIS 2020,15,
Proceedings - 2021 IEEE/ACM 9th International Conference on Formal Methods in Software Engineering  FormaliSE 2021,15,
Proceedings - 2021 IEEE/ACM International Conference on Technical Debt  TechDebt 2021,15,
Proceedings - SAP 2021: ACM Symposium on Applied Perception,15,
Proceedings of NEWS 2016: 6th Named Entity Workshop at the 54th Annual Meeting of the Association for Computational Linguistics  ACL 2016,15,
Proceedings of the 2nd Workshop on Natural Language Processing and Computational Social Science  NLP+CSS 2017 at the 55th Annual Meeting of the Association for Computational Linguistics  ACL 2017,15,
SIGGRAPH Asia 2020 Technical Communications  SA 2020,15,
SIGGRAPH Asia 2020 XR  SA 2020,15,
14th IEEE/ACM International Symposium on Networks-on-Chip  NOCS 2020,14,
2021 IEEE Microelectronics Design and Test Symposium  MDTS 2021,14,
ACM International Workshop on Data Warehousing and OLAP (DOLAP),14,
ANRW 2020 - Proceedings of the 2020 Applied Networking Research Workshop,14,
BSCI 2021 - Proceedings of the 3rd ACM International Symposium on Blockchain and Secure Critical Infrastructure  co-located with ASIA CCS 2021,14,
CRYBLOCK 2020 - Proceedings of the 3rd Workshop on Cryptocurrencies and Blockchains for Distributed Systems  Part of MobiCom 2020,14,
CoNLL 2014 - 18th Conference on Computational Natural Language Learning  Proceedings of the Shared Task,14,Y
CoNLL 2017 - Proceedings of the CoNLL SIGMORPHON 2017 Shared Task: Universal Morphological Reinflection,14,Y
Haskell 2020 - Proceedings of the 13th ACM SIGPLAN International Symposium on Haskell  co-located with ICFP 2020,14,
Indian Journal of Technology,14,
PPMLP 2020 - Proceedings of the 2020 Workshop on Privacy-Preserving Machine Learning in Practice,14,
Proceedings - 2021 IEEE/ACM 8th International Conference on Mobile Software Engineering and Systems  MobileSoft 2021,14,
Proceedings - 2021 IEEE/ACM Joint 15th International Conference on Software and System Processes and 16th ACM/IEEE International Conference on Global Software Engineering  ICSSP/ICGSE 2021,14,
Proceedings - 2021 IEEE/ACM Joint 9th International Workshop on Software Engineering for Systems-of-Systems and 15th Workshop on Distributed Software Development  Software Ecosystems and Systems-of-Systems  SESoS/WDES 2021,14,
Proceedings - CSCS 2020: ACM Computer Science in Cars Symposium,14,
Proceedings of 2020 IEEE/ACM Workshop on Machine Learning in High Performance Computing Environments  MLHPC 2020 and Workshop on Artificial Intelligence and Machine Learning for Scientific Applications  AI4S 2020 - Held in conjunction with SC 2020: The International Conference for High Performance Computing  Networking  Storage and Analysis,14,
Proceedings of PMBS 2020: Performance Modeling  Benchmarking and Simulation of High Performance Computer Systems  Held in conjunction with SC 2020: The International Conference for High Performance Computing  Networking  Storage and Analysis,14,
Proceedings of the 1st Workshop on Language Grounding for Robotics  RoboNLP 2017 at the 55th Annual Meeting of the Association for Computational Linguistics  ACL 2017,14,
Proceedings of the Interntational Workshop on Web Information and Data Management WIDM,14,
RLEM 2020 - Proceedings of the 1st International Workshop on Reinforcement Learning for Energy Management in Buildings and Cities,14,
Special Interest Group on Computer Graphics and Interactive Techniques Conference Emerging Technologies  SIGGRAPH 2021,14,
ACM SIGGRAPH 2021 Educators Forum  SIGGRAPH 2021,13,
AISec 2020 - Proceedings of the 13th ACM Workshop on Artificial Intelligence and Security,13,
ASHES 2020 - Proceedings of the 4th ACM Workshop on Attacks and Solutions in Hardware Security,13,
CPSIOTSEC 2020 - Proceedings of the 2020 Joint Workshop on CPS and IoT Security and Privacy,13,
GPCE 2020 - Proceedings of the 19th ACM SIGPLAN International Conference on Generative Programming: Concepts and Experiences  Co-located with SPLASH 2020,13,
Middleware 2020 Doctoral Symposium - Proceedings of the 2020 21st International Middleware Conference Doctoral Symposium  Part of Middleware 2020,13,
Proceedings - 2021 IEEE/ACM International Workshop on Genetic Improvement  GI 2021,13,
Proceedings of TextGraphs@EMNLP 2013: The 8th Workshop on Graph-Based Methods for Natural Language Processing,13,Y
Proceedings of the Interntational Workshop on Web Information and Data Management,13,
WOSC 2020 - Proceedings of the 2020 6th International Workshop on Serverless Computing  Part of Middleware 2020,13,
AIChallengeIoT 2020 - Proceedings of the 2020 2nd International Workshop on Challenges in Artificial Intelligence and Machine Learning for Internet of Things,12,
EACL 2012 - Proceedings of the Student Research Workshop at the 13th Conference of the European Chapter of the Association for Computational Linguistics,12,Y
FOGA 2021 - Proceedings of the 16th ACM/SIGEVO Conference on Foundations of Genetic Algorithms,12,
FRAME 2021 - Proceedings of the 1st Workshop on Flexible Resource and Application Management on the Edge,12,
FTfJP 2021 - Proceedings of the 23rd ACM International Workshop on Formal Techniques for Java-Like Programs  co-located with ECOOP/ISSTA 2021,12,
Haskell 2021 - Proceedings of the 14th ACM SIGPLAN International Symposium on Haskell  co-located with ICFP 2021,12,
HuMA 2020 - Proceedings of the 1st International Workshop on Human-Centric Multimedia Analysis,12,
MCPS 2021 - Proceedings of the 2021 Medical Cyber Physical Systems and Internet of Medical Things,12,
NAI 2020 - Proceedings of the 2020 Workshop on Network Application Integration/CoDesign,12,
Proceedings - 2020 IEEE/ACM International Conference on Connected Health: Applications  Systems and Engineering Technologies  CHASE 2020,12,
Proceedings - 2021 IEEE/ACM 3rd International Workshop on Deep Learning for Testing and Testing for Deep Learning  DeepTest 2021,12,
Proceedings of 2020 IEEE/ACM International Workshop on HPC User Support Tools  HUST 2020 and the Workshop on Programming and Performance Visualization Tools  ProTools 2020 - Held in conjunction with SC 2020: The International Conference for High Performance Computing  Networking  Storage and Analysis,12,
Proceedings of ScalA 2020: 11th Workshop on Latest Advances in Scalable Algorithms for Large-Scale Systems  Held in conjunction with SC 2020: The International Conference for High Performance Computing  Networking  Storage and Analysis,12,
Proceedings of TextGraphs@ACL 2017: The 11th Workshop on Graph-Based Methods for Natural Language Processing,12,Y
Proceedings of the 8th Workshop on Principles and Practice of Consistency for Distributed Data  PaPoC 2021,12,
SPLASH Companion 2020 - Companion Proceedings of the 2020 ACM SIGPLAN International Conference on Systems  Programming  Languages  and Applications: Software for Humanity,12,
2021 IEEE Colombian Conference on Communications and Computing  COLCOM 2021,11,
ACL 2019 - 57th Annual Meeting of the Association for Computational Linguistics  Tutorial Abstracts,11,Y
ACM SIGGRAPH 2020 Educator's Forum  SIGGRAPH 2020,11,
DIVANet 2020 - Proceedings of the 10th ACM Symposium on Design and Analysis of Intelligent Vehicular Networks and Applications,11,
DLS 2020 - Proceedings of the 16th ACM SIGPLAN International Symposium on Dynamic Languages - Co-located with SPLASH 2020,11,
Defence Science Journal,11,
EuroSec 2021 - Proceedings of the 14th European Workshop on Systems,11,
FlexNets 2021 - Proceedings of the 4th FlexNets Workshop on Flexible Networks  Artificial Intelligence Supported Network Flexibility and Agility  Part of SIGCOMM 2021,11,
ICDAR 2021 - Proceedings of the 2021 Workshop on Intelligent Cross-Data Analysis and Retrieval,11,
IWSPA 2021 - Proceedings of the 2021 ACM Workshop on Security and Privacy Analytics,11,
International Workshop on System Level Interconnect Prediction  SLIP,11,
LANTERN@EMNLP-IJCNLP 2019 - Beyond Vision and LANguage: inTEgrating Real-World kNowledge  Proceedings,11,
LIOT 2020 - Proceedings of the 2020 Light Up the IoT  Part of MobiCom 2020,11,
MTD 2020 - Proceedings of the 7th ACM Workshop on Moving Target Defense,11,
NetAI 2020 - Proceedings of the 2020 Workshop on Network Meets AI and ML,11,
Proceedings of TMBIO 2006: ACM First International Workshop on Text Mining in Bioinformatics,11,
Proceedings of the 13th ACM SIGSPATIAL International Workshop on Computational Transportation Science  IWCTS 2020,11,
Proceedings of the 3rd ACM SIGSPATIAL International Workshop on Advances in Resilient and Intelligent Cities  ARIC 2020,11,
Proceedings of the 3rd ACM SIGSPATIAL International Workshop on GeoSpatial Simulation  GeoSim 2020,11,
Proceedings of the EACL 2009 Workshop on Computational Approaches to Semitic Languages  SEMITIC@EACL 2009,11,
SIGGRAPH Asia 2020 Courses  SA 2020,11,
VORTEX 2021 - Proceedings of the 5th ACM International Workshop on Verification and mOnitoring at Runtime EXecution  co-located with ECOOP/ISSTA 2021,11,
ACL 2018 - 56th Annual Meeting of the Association for Computational Linguistics  Proceedings of the Conference Tutorial Abstracts,10,
DATA 2020 - Proceedings of the 3rd Workshop on Data Acquisition To Analysis  Part of SenSys 2020  BuildSys 2020,10,
EMNLP 2017 - Conference on Empirical Methods in Natural Language Processing  Proceedings of the 2nd Workshop on Structured Prediction,10,Y
ISMM 2021 - Proceedings of the 2021 ACM SIGPLAN International Symposium on Memory Management  co-located with PLDI 2021,10,
MobiArch 2020 - Proceedings of the 2020 ACM MobiArch 2020 the 15th Workshop on Mobility in the Evolving Internet Architecture  Part of Mobicom 2020,10,
NanoCoCoA 2020 - Proceedings of the 1st ACM International Workshop on Nanoscale Computing  Communication  and Applications  Part of the 18th ACM Conference on Embedded Networked Sensor Systems  SenSys 2020,10,
PROMISE 2020 - Proceedings of the 16th ACM International Conference on Predictive Models and Data Analytics in Software Engineering  Co-located with ESEC/FSE 2020,10,
Proceedings - 2021 IEEE/ACM 4th International Workshop on Emerging Trends in Software Engineering for Blockchain  WETSEB 2021,10,
Proceedings of 15th Workshop on Workflows in Support of Large-Scale Science  WORKS 2020 - Held in conjunction with SC 2020: The International Conference for High Performance Computing  Networking  Storage and Analysis,10,
Proceedings of EduHPC 2020: Workshop on Education for High Performance Computing  Held in conjunction with SC 2020: The International Conference for High Performance Computing  Networking  Storage and Analysis,10,
Proceedings of PDSW 2020: IEEE/ACM 5th International Parallel Data Systems Workshop  Held in conjunction with SC 2020: The International Conference for High Performance Computing  Networking  Storage and Analysis,10,
Proceedings of TextGraphs@EMNLP 2014: The 9th Workshop on Graph-Based Methods for Natural Language Processing,10,
Proceedings of the 1st ACM SIGSPATIAL International Workshop on Modeling and Understanding the Spread of COVID-19  COVID-19 2020,10,
SNTA 2021 - Proceedings of the 2021 Systems and Network Telemetry and Analytics  co-located with HPDC 2021,10,
SOAP 2021 - Proceedings of the 10th ACM SIGPLAN International Workshop on the State Of the Art in Program Analysis  co-located with PLDI 2021,10,
Special Interest Group on Computer Graphics and Interactive Techniques Conference Appy Hour  SIGGRAPH 2021,10,
ACL-IJCNLP 2015 - 53rd Annual Meeting of the Association for Computational Linguistics and the 7th International Joint Conference on Natural Language Processing  Proceedings of the Student Research Workshop,9,Y
DICG 2020 - Proceedings of the 2020 1st International Workshop on Distributed Infrastructure for Common Good  Part of Middleware 2020,9,
DigiBiom 2021 - Proceedings of the 2021 Future of Digital Biomarkers,9,
EMDL 2021 - Proceedings of the 2021 5th International Workshop on Embedded and Mobile Deep Learning  Part of MobiSys 2021,9,
HiPS 2021 - Proceedings of the 1st Workshop on High Performance Serverless Computing  co-located with HPDC 2021,9,
MMSports 2020 - Proceedings of the 3rd International Workshop on Multimedia Content Analysis in Sports,9,
Proceedings of INDIS 2020: Innovating the Network for Data-Intensive Science  Held in conjunction with SC 2020: The International Conference for High Performance Computing  Networking  Storage and Analysis,9,
Proceedings of MCHPC 2020: Workshop on Memory Centric High Performance Computing  Held in conjunction with SC 2020: The International Conference for High Performance Computing  Networking  Storage and Analysis,9,
Proceedings of SuperCompCloud 2020: 3rd Workshop on Interoperability of Supercomputing and Cloud Technologies  Held in conjunction with SC 2020: The International Conference for High Performance Computing  Networking  Storage and Analysis,9,
Proceedings of UrgentHPC 2020: 2020 International Workshops on Urgent and Interactive HPC  Held in conjunction with SC 2020: The International Conference for High Performance Computing  Networking  Storage and Analysis,9,
Proceedings of the 2020 ACM SIGCOMM Workshop on Secure Programmable Network Infrastructure  SPIN 2020,9,
Proceedings of the 4th Workshop on Events: Definition  Detection  Coreference  and Representation  EVENTS 2016 at the 2016 Conference of the North American Chapter of the Association for Computational Linguistics: Human Language Technologies  NAACL-HLT 2016,9,
Proceedings of the 5th Workshop on Computational Linguistics for Literature  CLfL 2016 at the 2016 Conference of the North American Chapter of the Association for Computational Linguistics: Human Language Technologies  NAACL-HLT 2016,9,
Proceedings of the 6th ACM SIGSPATIAL International Workshop Emergency Management using GIS 2020  EM-GIS 2020,9,
Proceedings of the 9th ACM SIGSPATIAL International Workshop on Analytics for Big Geospatial Data  BIGSPATIAL 2020,9,
Proceedings of the International Workshop on Big Data in Emergent Distributed Environments  BiDEDE 2021 - In conjunction with the 2021 ACM SIGMOD/PODS Conference,9,
Proceedings of the Workshop on Structured Prediction for Natural Language Processing  NLP 2016 at the Conference on Empirical Methods in Natural Language Processing  EMNLP 2016,9,Y
RL+SE and PL 2020 - Proceedings of the 1st ACM SIGSOFT International Workshop on Representation Learning for Software Engineering and Program Languages  Co-located with ESEC/FSE 2020,9,
2021 Progress in Applied Electrical Engineering  PAEE 2021,8,
ACL 2017 - 55th Annual Meeting of the Association for Computational Linguistics  Proceedings of the Conference Tutorial Abstracts,8,
AI4TV 2020 - Proceedings of the 2nd International Workshop on AI for Smart TV Content Production  Access and Delivery,8,
APKC 2020 - Proceedings of the 7th ACM Workshop on ASIA Public-Key Cryptography  Co-located with AsiaCCS 2020,8,
APKC 2021 - Proceedings of the 8th ACM ASIA Public-Key Cryptography Workshop  co-located with ASIA CCS 2021,8,
ASSS 2021 - Proceedings of the 2021 International Symposium on Advanced Security on Software and Systems  co-located with ASIA CCS 2021,8,
CCIoT 2020 - Proceedings of the 2020 Cloud Continuum Services for Smart IoT Systems  Part of SenSys 2020,8,
CEA 2021 - Proceedings of the 13th International Workshop on Multimedia for Cooking and Eating Activities,8,
CMCL 2017 - Cognitive Modeling and Computational Linguistics at the 15th Conference of the European Chapter of the Association for Computational Linguistics  EACL 2017 - Proceedings,8,
CPSS 2020 - Proceedings of the 6th ACM Cyber-Physical System Security Workshop  Co-located with AsiaCCS 2020,8,
CPSS 2021 - Proceedings of the 7th ACM Cyber-Physical System Security Workshop,8,
CompSci 2013 - Proceedings of the 2013 Workshop on Computational Scientometrics: Theory and Applications  Co-located with CIKM 2013,8,
DTMBIO 2015 - Proceedings of the ACM 9th International Workshop on Data and Text Mining in Biomedical Informatics  co-located with CIKM 2015,8,
DistributedML 2020 - Proceedings of the 2020 1st Workshop on Distributed Machine Learning,8,
EASEAI 2020 - Proceedings of the 2nd ACM SIGSOFT International Workshop on Education through Advanced Software Engineering and Artificial Intelligence  Co-located with ESEC/FSE 2020,8,
Erlang 2021 - Proceedings of the 20th ACM SIGPLAN International Workshop on Erlang  co-located with ICFP 2021,8,
FEAST 2020 - Proceedings of the 2020 ACM Workshop on Forming an Ecosystem Around Software Transformation,8,
FRUGALTHINGS 2020 - Proceedings of the 2020 1st Workshop on Experiences with the Design and Implementation of Frugal Smart Objects,8,
FTfJP 2020 - Proceedings of the 22nd ACM SIGPLAN International Workshop on Formal Techniques for Java-Like Programs  FTfJP 2020  co-located with ECOOP 2020/SPLASH 2020,8,
Journal of the Institution of Engineers (India): Electrical Engineering Division,8,
MMPT 2021 - Proceedings of the 2021 Workshop on Multi-Modal Pre-Training for Multimedia Understanding,8,
MMVE 2021 - Proceedings of the 2021 International Workshop on Immersive Mixed and Virtual Environment Systems  Part of MMSys 2021,8,
MaLTESQuE 2021 - Proceedings of the 5th International Workshop on Machine Learning Techniques for Software Quality Evolution  co-located with ESEC/FSE 2021,8,
MaLTeSQuE 2020 - Proceedings of the 4th ACM SIGSOFT International Workshop on Machine-Learning Techniques for Software-Quality Evaluation  Co-located with ESEC/FSE 2020,8,
NAACL HLT 2019 - 2019 Conference of the North American Chapter of the Association for Computational Linguistics: Human Language Technologies - Tutorial Abstracts,8,Y
NAACL-HLT 2015 - 2015 Conference of the North American Chapter of the Association for Computational Linguistics: Human Language Technologies  Tutorial Abstracts,8,Y
NAACL-HLT 2016 - 2016 Conference of the North American Chapter of the Association for Computational Linguistics: Human Language Technologies  Tutorial Abstracts,8,Y
PEPM 2021 - Proceedings of the 2021 ACM SIGPLAN Workshop on Partial Evaluation and Program Manipulation  Co-located with POPL 2021,8,
PLAS 2020 - Proceedings of the 15th Workshop on Programming Languages and Analysis for Security,8,
Proceedings - DigiPro 2020: ACM SIGGRAPH Digital Production Symposium,8,
Proceedings - Digital Production Symposium  DigiPro 2021,8,
Proceedings of ESPM2 2020: 5th International IEEE Workshop on Extreme Scale Programming Models and Middleware  Held in conjunction with SC 2020: The International Conference for High Performance Computing  Networking  Storage and Analysis,8,
Proceedings of FTXS 2020: Fault Tolerance for HPC at eXtreme Scale  Held in conjunction with SC 2020: The International Conference for High Performance Computing  Networking  Storage and Analysis,8,
Proceedings of H2RC 2020: 6th International Workshop on Heterogeneous High-Performance Reconfigurable Computing  Held in conjunction with SC 2020: The International Conference for High Performance Computing  Networking  Storage and Analysis,8,
Proceedings of P3HPC 2020: International Workshop on Performance  Portability  and Productivity in HPC  Held in conjunction with SC 2020: The International Conference for High Performance Computing  Networking  Storage and Analysis,8,
Proceedings of PAW-ATM 2020: 3rd Annual Parallel Applications Workshop  Alternatives to MPI+X  Held in conjunction with SC 2020: The International Conference for High Performance Computing  Networking  Storage and Analysis,8,
Proceedings of PYHPC 2020: 9th Workshop on Python for High-Performance and Scientific Computing  Held in conjunction with SC 2020: The International Conference for High Performance Computing  Networking  Storage and Analysis,8,
Proceedings of ROSS 2020: 10th International Workshop on Runtime and Operating Systems for Supercomputers  Held in conjunction with SC 2020: The International Conference for High Performance Computing  Networking  Storage and Analysis,8,
Proceedings of TextGraphs@NAACL-HLT 2016: The 10th Workshop on Graph-Based Methods for Natural Language Processing,8,Y
Proceedings of XLOOP 2020: 2nd Annual Workshop on Extreme-Scale Experiment-in-the-Loop Computing  Held in conjunction with SC 2020: The International Conference for High Performance Computing  Networking  Storage and Analysis,8,
Proceedings of the 4th ACM SIGMOD Joint International Workshop on Graph Data Management Experiences and Systems and Network Data Analytics  GRADES-NDA 2021,8,
QoEVMA 2020 - Proceedings of the 1st Workshop on Quality of Experience (QoE) in Visual Multimedia Applications,8,
SPAI 2020 - Proceedings of the 1st ACM Workshop on Security and Privacy on Artificial Intelligent  Co-located with AsiaCCS 2020,8,
SUMAC 2020 - Proceedings of the 2nd Workshop on Structuring and Understanding of Multimedia heritAge Contents,8,
WOC 2020 - Proceedings of the 2020 6th International Workshop on Container Technologies and Container Clouds  Part of Middleware 2020,8,
Workshop on Approaches and Applications of Inductive Programming  AAIP 2005 - In Conjunction with the 22nd International Conference on Machine Learning  ICML 2005,8,
A-TEST 2021 - Proceedings of the 12th International Workshop on Automating TEST Case Design  Selection  and Evaluation  co-located with ESEC/FSE 2021,7,
ACM SIGGRAPH 2020 Labs  SIGGRAPH 2020,7,
BodySys 2021 - Proceedings of the 2021 ACM Workshop on Body Centric Computing Systems,7,
EACL 2021 - 16th Conference of the European Chapter of the Association for Computational Linguistics  Tutorial Abstracts,7,
ECol 2015 - Proceedings of the 2015 Workshop on Evaluation on Collaborative Information Retrieval and Seeking  co-located with CIKM 2015,7,
EPIQ 2020 - Proceedings of the 2020 Workshop on the Evolution  Performance  and Interoperability of QUIC,7,
Erlang 2020 - Proceedings of the 19th ACM SIGPLAN International Workshop on Erlang  co-located with ICFP 2020,7,
MAPS 2021 - Proceedings of the 5th ACM SIGPLAN International Symposium on Machine Programming  co-located with PLDI 2021,7,
Middleware Demos and Posters 2020 - Proceedings of the 2020 21st International Middleware Conference Demos and Posters  Part of Middleware 2020,7,
Middleware Industry 2020 - Proceedings of the 2020 21st International Middleware Conference Industrial Track  Part of Middleware 2020,7,
MuCAI 2020 - Proceedings of the 1st International Workshop on Multimodal Conversational AI,7,
MuSe 2020 - Proceedings of the 1st International Multimodal Sentiment Analysis in Real-Life Media Challenge and Workshop,7,
PLAS 2020 - Proceedings of the 2020 1st International Workshop on Physical-Layer Augmented Security for Sensor Systems,7,
PROMISE 2021 - Proceedings of the 17th International Conference on Predictive Models and Data Analytics in Software Engineering  co-located with ESEC/FSE 2021,7,
Proceedings - CVMP 2020: 17th ACM SIGGRAPH European Conference on Visual Media Production,7,
Proceedings of IPDRM 2020: 4th Annual Workshop on Emerging Parallel and Distributed Runtime Systems and Middleware  Held in conjunction with SC 2020: The International Conference for High Performance Computing  Networking  Storage and Analysis,7,
Proceedings of the 4th ACM SIGSPATIAL International Workshop on Geospatial Humanities  GeoHumanities 2020,7,
Proceedings of the 4th International Workshop on Exploiting Artificial Intelligence Techniques for Data Management  aiDM 2021,7,
Proceedings of the 5th Workshop on Data Management for End-To-End Machine Learning  DEEM 2021 - In conjunction with the 2021 ACM SIGMOD/PODS Conference,7,
Proceedings of the Workshop on Challenges and Opportunities of Efficient and Performant Storage Systems  CHEOPS 2021 - In Conjunction with EuroSys 2021,7,
SBC 2021 - Proceedings of the 9th International Workshop on Security in Blockchain and Cloud Computing  co-located with ASIA CCS 2021,7,
TAPAS 2020 - Proceedings of the 11th ACM SIGPLAN International Workshop on Tools for Automatic Program Analysis  Co-located with SPLASH 2020,7,
A-TEST 2020 - Proceedings of the 11th ACM SIGSOFT International Workshop on Automating TEST Case Design  Selection  and Evaluation  Co-located with ESEC/FSE 2020,6,
AISTA 2021 - Proceedings of the 1st ACM International Workshop on AI and Software Testing/Analysis  co-located with ECOOP/ISSTA 2021,6,
APEQS 2020 - Proceedings of the 1st ACM SIGSOFT International Workshop on Architectures and Paradigms for Engineering Quantum Software  Co-located with ESEC/FSE 2020,6,
ARRAY 2021 - Proceedings of the 7th ACM SIGPLAN International Workshop on Libraries  Languages and Compilers for Array Programming  co-located with PLDI 2021,6,
ATQAM/MAST 2020 - Proceedings of the Joint Workshop on Aesthetic and Technical Quality Assessment of Multimedia and Media Analytics for Societal Trends,6,
DFHS 2020 - Proceedings of the 2nd ACM Workshop on Device-Free Human Sensing,6,
FATE/MM 2020 - Proceedings of the 2nd International Workshop on Fairness  Accountability  Transparency and Ethics in Multimedia,6,
FHPNC 2021 - Proceedings of the 9th ACM SIGPLAN International Workshop on Functional High-Performance and Numerical Computing  co-located with ICFP 2021,6,
HAOC 2021 - Proceedings of the 2021 1st Workshop on High Availability and Observability of Cloud Systems,6,
MAISP 2021 - Proceedings of the 2021 1st Workshop on Security and Privacy for Mobile AI,6,
NSAD 2020 - Proceedings of the 9th ACM SIGPLAN International Workshop on Numerical and Symbolic Abstract Domains  Co-located with SPLASH 2020,6,
Proceedings - 2021 IEEE/ACM 4th International Workshop on Software Health in Projects  Ecosystems and Communities  SoHeal 2021,6,
Proceedings - 2021 IEEE/ACM 6th International Workshop on Emotion Awareness in Software Engineering  SEmotion 2021,6,
Proceedings of the 12th International Workshop on Context-Oriented Programming and Advanced Modularity  COP 2020,6,
Proceedings of the 2nd Workshop on Semantics-Driven Machine Translation  SedMT 2016 at the 2016 Conference of the North American Chapter of the Association for Computational Linguistics: Human Language Technologies  NAACL-HLT 2016,6,
Proceedings of the Workshop on Interactive Data Mining  WIDM 2019,6,
REBLS 2020 - Proceedings of the 7th ACM SIGPLAN International Workshop on Reactive and Event-Based Languages and Systems  Co-located with SPLASH 2020,6,
SBC 2020 - Proceedings of the 8th International Workshop on Security in Blockchain and Cloud Computing  Co-located with AsiaCCS 2020,6,
SEAD 2020 - Proceedings of the 3rd ACM SIGSOFT International Workshop on Software Security from Design to Deployment  Co-located with ESEC/FSE 2020,6,
ACM SIGGRAPH 2020 Appy Hour  SIGGRAPH 2020,5,
ACM SIGGRAPH 2020 Panels  SIGGRAPH 2020,5,
AGERE 2020 - Proceedings of the 10th ACM SIGPLAN International Workshop on Programming Based on Actors  Agents  and Decentralized Control  Co-located with SPLASH 2020,5,
COP 2021 - Proceedings of the 13th ACM International Workshop on Context-Oriented Programming and Advanced Modularity  co-located with ECOOP/ISSTA 2021,5,
CYSARM 2020 - Proceedings of the 2nd Workshop on Cyber-Security Arms Race,5,
EMDL 2020 - Proceedings of the 2020 4th International Workshop on Embedded and Mobile Deep Learning  Part of MobiCom 2020,5,
INLG and SIGDIAL 2014 - Proceedings of the INLG and SIGDIAL 2014 Joint Session,5,
Journal of The Association of Engineers  India,5,
LANGETI 2020 - Proceedings of the 1st ACM SIGSOFT International Workshop on Languages and Tools for Next-Generation Testing  Co-located with ESEC/FSE 2020,5,
MMArt-ACM 2021 - Proceedings of the 2021 International Joint Workshop on Multimedia Artworks Analysis and Attractiveness Computing in Multimedia 2021,5,
PLEAD 2013 - Proceedings of the Workshop on Politics  Elections and Data  Co-located with CIKM 2013,5,
Physica B: Condensed Matter,5,
Proceedings of the 2nd ACM SIGSPATIAL International Workshop on Geospatial Data Access and Processing APIs  SpatialAPI 2020 - In conjunction with the 28th International Conference on Advances in Geographic Information Systems  ACM SIGSPATIAL 2020,5,
Proceedings of the 3rd Workshop on Human Factors in Hypertext  HUMAN 2020,5,
Proceedings of the 4th ACM Workshop on Millimeter-Wave Networks and Sensing Systems  mmNets 2020,5,
SCALA 2020 - Proceedings of the 11th ACM SIGPLAN International Symposium on Scala - Co-located with SPLASH 2020,5,
SPLASH-E 2020 - Proceedings of the 2020 ACM SIGPLAN Symposium on SPLASH-E  Co-located with SPLASH 2020,5,
SecICPS 2020 - Proceedings of the 2020 1st ACM International Workshop on Security and Safety for Intelligent Cyber-Physical Systems,5,
MobileServerless 2021 - Proceedings of the 2021 1st Workshop on Serverless Mobile Networking for 6G Communications,4,
P-RECS 2021 - Proceedings of the 4th International Workshop on Practical Reproducible Evaluation of Computer Systems,4,
Proceedings - Indian Academy of Sciences  (Series): Engineering Sciences,4,
Proceedings of the 2nd ACL Workshop on Ethics in Natural Language Processing  EthNLP 2018 at the 2018 Conference of the North American Chapter of the Association for Computational Linguistics: Human Language Technologies  NAACL-HTL 2018,4,
SDN-NFV Sec 2021 - Proceedings of the 2021 ACM International Workshop on Software Defined Networks and Network Function Virtualization Security  co-located with CODAYSPY 2021,4,
TAV-CPS/IoT 2020 - Proceedings of the 4th ACM SIGSOFT International Workshop on Testing  Analysis  and Verification of Cyber-Physical Systems and Internet of Things  co-located with ISSTA 2020,4,
Theoretical Computer Science,4,
TyDe 2020 - Proceedings of the 5th ACM SIGPLAN International Workshop on Type-Driven Development  co-located with ICFP 2020,4,
TyDe 2021 - Proceedings of the 6th ACM SIGPLAN International Workshop on Type-Driven Development  co-located with ICFP 2021,4,
DIDL 2020 - Proceedings of the 2020 Workshop on Distributed Infrastructures for Deep Learning  Part of Middleware 2020,3,
ICOOOLPS 2021 - Proceedings of the 16th ACM International Workshop on Implementation  Compilation  Optimization of OO Languages  Programs and Systems  co-located with ECOOP/ISSTA 2021,3,
IETE Technical Review (Institution of Electronics and Telecommunication Engineers),3,
M4IoT 2020 - Proceedings of the 2020 International Workshop on Middleware and Applications for the Internet of Things  Part of Middleware 2020 Conference,3,
Materials Science Forum,3,
Proceedings - 2006 IEEE Computer Society Conference on Computer Vision and Pattern Recognition  CVPR 2006,3,
SERIAL 2020 - Proceedings of the 2020 4th Workshop on Scalable and Resilient Infrastructures for Distributed Ledgers  Part of Middleware 2020,3,
VMIL 2020 - Proceedings of the 12th ACM SIGPLAN International Workshop on Virtual Machines and Intermediate Languages  Co-located with SPLASH 2020,3,
10th Linguistic Annotation Workshop held in conjunction with ACL 2016- Proceedings of the Workshop,2,
ACL-IJCNLP 2015 - 53rd Annual Meeting of the Association for Computational Linguistics and 7th International Joint Conference on Natural Language Processing of the Asian Federation of Natural Language Processing  Proceedings of the Conference - Short Papers,2,
Atmospheric Environment - Part A General Topics,2,
Bioelectrochemistry and Bioenergetics,2,
CoNLL-2011: Shared task- Fifteenth Conference on Computational Natural Language Learning  Proceedings of the Conference Shared task,2,
ICDAR 2020 - Proceedings of the 2020 Intelligent on Intelligent Cross-Data Analysis and Retrieval Workshop,2,
Journal of Magnetism and Magnetic Materials,2,
Mechanism &amp; Machine Theory,2,
Radiation Effects,2,
Solid State Phenomena,2,
Thin Solid Films,2,
Transactions of the SAEST (Society for Advancement of Electrochemical Science and Technology),2,
Acta Astronautica,1,
Asphalt Paving Technology: Proceedings - Association of Asphalt Paving Technologists Technical Sessions,1,
COLING/ACL 2006 - 21st International Conference on Computational Linguistics and 44th Annual Meeting of the Association for Computational Linguistics  Proceedings of the Main Conference Poster Sessions,1,
Diffusion and Defect Data Pt.B: Solid State Phenomena,1,
EMNLP 2014 - 2014 Conference on Empirical Methods in Natural Language Processing  Proceedings of the Conference,1,
Electrical India,1,
Electronic Proceedings in Theoretical Computer Science  EPTCS,1,
Heat recovery systems &amp; CHP,1,
High Pressure Research,1,
ICML 2008 - Proceedings of the 25th International Conference on Machine Learning,1,
Journal of Indian Water Works Association,1,
Journal of Wind Engineering and Industrial Aerodynamics,1,
Journal of molecular catalysis,1,
Journal of thermal analysis,1,
Kentucky University  Office of Research and Engineering Services  Bulletin,1,
Materials Science and Engineering C,1,
Materials science &amp; engineering. B  Solid-state materials for advanced technology,1,
Molecular Crystals and Liquid Crystals Science and Technology Section A: Molecular Crystals and Liquid Crystals,1,
Natl Bur Stand Spec Publ,1,
Nuclear Tracks and Radiation Measurements,1,
Preprints - Division of Petroleum Chemistry  American Chemical Society,1,
Proceedings of the Annual Southwestern Petroleum Short Course,1,
Progress in Crystal Growth and Characterization of Materials,1,
Pure and Applied Chemistry,1,
Synthetic Metals,1,
Tectonophysics,1,
